-- phpMyAdmin SQL Dump
-- version 4.8.5
-- https://www.phpmyadmin.net/
--
-- Host: localhost
-- Generation Time: Oct 23, 2019 at 06:27 PM
-- Server version: 5.5.60-MariaDB
-- PHP Version: 7.1.32

SET SQL_MODE = "NO_AUTO_VALUE_ON_ZERO";
SET AUTOCOMMIT = 0;
START TRANSACTION;
SET time_zone = "+00:00";


/*!40101 SET @OLD_CHARACTER_SET_CLIENT=@@CHARACTER_SET_CLIENT */;
/*!40101 SET @OLD_CHARACTER_SET_RESULTS=@@CHARACTER_SET_RESULTS */;
/*!40101 SET @OLD_COLLATION_CONNECTION=@@COLLATION_CONNECTION */;
/*!40101 SET NAMES utf8mb4 */;

--
-- Database: `bapokting`
--

-- --------------------------------------------------------

--
-- Table structure for table `detailKomoditi`
--

CREATE TABLE `detailKomoditi` (
  `idDetailKomoditi` int(11) UNSIGNED NOT NULL,
  `subDetailIdSubDetail` int(11) UNSIGNED NOT NULL,
  `pasarIdPasar` int(11) UNSIGNED NOT NULL,
  `tanggalInputData` datetime DEFAULT NULL,
  `tanggalHarga` datetime DEFAULT NULL,
  `harga` int(100) DEFAULT NULL,
  `memberIdMember` int(11) UNSIGNED NOT NULL
) ENGINE=InnoDB DEFAULT CHARSET=utf8;

--
-- Dumping data for table `detailKomoditi`
--

INSERT INTO `detailKomoditi` (`idDetailKomoditi`, `subDetailIdSubDetail`, `pasarIdPasar`, `tanggalInputData`, `tanggalHarga`, `harga`, `memberIdMember`) VALUES
(6, 350, 9, '2019-10-11 09:35:20', '2019-09-03 09:55:27', 56000, 6),
(20, 283, 3, '2019-10-14 10:14:39', '2019-10-14 10:14:39', 14000, 9),
(21, 286, 3, '2019-10-14 10:15:29', '2019-10-14 10:15:29', 13000, 9),
(22, 287, 3, '2019-10-14 10:16:00', '2019-10-14 10:16:00', 14000, 9),
(23, 288, 3, '2019-10-14 10:16:25', '2019-10-14 10:16:25', 10000, 9),
(24, 284, 9, '2019-10-14 10:16:55', '2019-10-14 10:16:55', 25000, 9),
(25, 285, 9, '2019-10-14 10:17:22', '2019-10-14 10:17:22', 19000, 9),
(26, 289, 9, '2019-10-14 10:17:53', '2019-10-14 10:17:53', 13000, 9),
(27, 291, 3, '2019-10-14 10:18:17', '2019-10-14 10:18:17', 17000, 9),
(28, 292, 3, '2019-10-14 10:18:40', '2019-10-14 10:18:40', 15000, 9),
(29, 290, 9, '2019-10-14 10:19:07', '2019-10-14 10:19:07', 13000, 9),
(30, 310, 3, '2019-10-14 10:20:06', '2019-10-14 10:20:06', 15000, 9),
(31, 311, 3, '2019-10-14 10:20:31', '2019-10-14 10:20:31', 13000, 9),
(32, 315, 3, '2019-10-14 10:21:09', '2019-10-14 10:21:09', 11000, 9),
(33, 316, 3, '2019-10-14 10:21:49', '2019-10-14 10:21:49', 7000, 9),
(34, 317, 3, '2019-10-14 10:22:30', '2019-10-14 10:22:30', 7000, 9),
(36, 318, 3, '2019-10-14 10:23:13', '2019-10-14 10:23:13', 9000, 9),
(37, 319, 3, '2019-10-14 10:23:51', '2019-10-14 11:36:53', 700, 9),
(39, 320, 3, '2019-10-14 10:24:38', '2019-10-14 11:36:39', 2500, 9),
(40, 312, 3, '2019-10-14 10:25:07', '2019-10-14 10:25:07', 16000, 9),
(41, 313, 3, '2019-10-14 10:25:34', '2019-10-14 10:25:34', 15000, 9),
(42, 314, 3, '2019-10-14 10:26:03', '2019-10-14 10:26:55', 68000, 9),
(43, 321, 9, '2019-10-14 10:28:08', '2019-10-14 10:28:08', 15000, 9),
(44, 322, 9, '2019-10-14 10:28:43', '2019-10-14 10:28:43', 10000, 9),
(45, 323, 9, '2019-10-14 10:29:10', '2019-10-14 10:29:10', 12000, 9),
(46, 324, 9, '2019-10-14 10:29:34', '2019-10-14 10:29:34', 10200, 9),
(47, 325, 9, '2019-10-14 10:30:14', '2019-10-14 10:30:14', 40500, 9),
(48, 327, 9, '2019-10-14 10:30:46', '2019-10-14 10:30:46', 43600, 9),
(50, 329, 3, '2019-10-14 10:32:20', '2019-10-14 10:32:20', 125000, 9),
(51, 328, 3, '2019-10-14 10:33:11', '2019-10-14 10:33:11', 125000, 9),
(52, 330, 3, '2019-10-14 10:33:36', '2019-10-14 10:33:36', 125000, 9),
(53, 331, 3, '2019-10-14 10:34:05', '2019-10-14 10:34:05', 38000, 9),
(54, 332, 3, '2019-10-14 10:34:23', '2019-10-14 10:34:23', 65000, 9),
(55, 333, 3, '2019-10-14 10:34:50', '2019-10-14 09:42:11', 2500, 9),
(56, 334, 3, '2019-10-14 10:35:20', '2019-10-14 10:35:20', 1500, 9),
(57, 335, 3, '2019-10-14 10:35:39', '2019-10-14 10:35:39', 2500, 9),
(58, 336, 3, '2019-10-14 10:36:09', '2019-10-14 10:36:09', 45000, 9),
(59, 337, 3, '2019-10-14 10:36:59', '2019-10-14 10:36:59', 0, 9),
(60, 338, 3, '2019-10-14 10:37:41', '2019-10-14 10:37:41', 33000, 9),
(61, 339, 3, '2019-10-14 10:38:02', '2019-10-14 10:38:02', 70000, 9),
(62, 340, 3, '2019-10-14 10:38:27', '2019-10-14 10:38:27', 80000, 9),
(63, 341, 3, '2019-10-14 10:39:06', '2019-10-14 10:39:06', 180000, 9),
(64, 293, 3, '2019-10-14 10:39:52', '2019-10-14 10:39:52', 40000, 9),
(65, 294, 3, '2019-10-14 10:40:19', '2019-10-14 10:40:19', 60000, 9),
(66, 295, 3, '2019-10-14 10:40:49', '2019-10-14 10:40:49', 30000, 9),
(68, 296, 3, '2019-10-14 10:42:02', '2019-10-14 10:42:02', 60000, 9),
(69, 297, 3, '2019-10-14 10:42:50', '2019-10-14 10:42:50', 25000, 9),
(70, 298, 3, '2019-10-14 10:43:22', '2019-10-14 10:43:22', 30000, 9),
(71, 299, 3, '2019-10-14 10:44:46', '2019-10-14 10:44:46', 20000, 9),
(72, 300, 3, '2019-10-14 10:45:16', '2019-10-14 10:45:16', 10000, 9),
(73, 301, 3, '2019-10-14 10:46:16', '2019-10-14 10:46:16', 28000, 9),
(74, 302, 3, '2019-10-14 10:49:30', '2019-10-14 10:49:30', 10000, 9),
(75, 303, 3, '2019-10-14 10:49:55', '2019-10-14 10:50:56', 15000, 9),
(76, 304, 3, '2019-10-14 10:50:23', '2019-10-14 10:50:23', 10000, 9),
(77, 305, 3, '2019-10-14 10:51:20', '2019-10-14 10:51:20', 15000, 9),
(78, 306, 3, '2019-10-14 10:51:45', '2019-10-14 10:51:45', 5000, 9),
(79, 307, 3, '2019-10-14 10:52:24', '2019-10-14 10:52:24', 100000, 9),
(80, 308, 3, '2019-10-14 10:52:53', '2019-10-14 10:52:53', 38000, 9),
(81, 309, 3, '2019-10-14 10:53:31', '2019-10-14 10:53:31', 8000, 9),
(82, 342, 9, '2019-10-14 10:55:20', '2019-10-14 10:55:20', 8000, 9),
(83, 343, 9, '2019-10-14 10:55:54', '2019-10-14 10:55:54', 12000, 9),
(84, 344, 9, '2019-10-14 10:56:14', '2019-10-14 10:56:14', 7000, 9),
(85, 345, 9, '2019-10-14 10:56:37', '2019-10-14 10:56:37', 7000, 9),
(86, 346, 9, '2019-10-14 10:56:55', '2019-10-14 10:56:55', 5000, 9),
(87, 347, 9, '2019-10-14 10:57:18', '2019-10-14 10:57:18', 170000, 9),
(88, 348, 9, '2019-10-14 10:57:40', '2019-10-14 10:57:40', 18000, 9),
(89, 349, 9, '2019-10-14 10:58:15', '2019-10-14 10:58:15', 55000, 9),
(90, 350, 9, '2019-10-14 10:58:34', '2019-10-14 10:58:34', 57000, 9),
(91, 351, 9, '2019-10-14 10:59:19', '2019-10-14 10:59:19', 0, 9),
(92, 352, 9, '2019-10-14 10:59:55', '2019-10-14 10:59:55', 54000, 9),
(93, 353, 9, '2019-10-14 11:00:17', '2019-10-14 11:00:17', 54000, 9),
(94, 354, 9, '2019-10-14 11:00:57', '2019-10-14 11:00:57', 29000, 9),
(95, 355, 9, '2019-10-14 11:01:18', '2019-10-14 11:01:18', 48000, 9),
(96, 356, 9, '2019-10-14 11:01:39', '2019-10-14 11:01:39', 69000, 9),
(97, 357, 9, '2019-10-14 11:02:03', '2019-10-14 11:02:03', 110000, 9),
(98, 358, 9, '2019-10-14 11:02:52', '2019-10-14 11:02:52', 60000, 9),
(99, 359, 9, '2019-10-14 11:03:18', '2019-10-14 11:03:18', 78000, 9),
(100, 360, 9, '2019-10-14 11:03:51', '2019-10-14 11:03:51', 26000, 9),
(101, 361, 9, '2019-10-14 11:04:18', '2019-10-14 11:04:18', 34000, 9),
(102, 362, 9, '2019-10-14 11:04:44', '2019-10-14 11:04:44', 45000, 9),
(103, 363, 9, '2019-10-14 11:05:06', '2019-10-14 11:05:06', 45000, 9),
(104, 380, 9, '2019-10-14 11:05:51', '2019-10-14 11:05:51', 2000000, 9),
(105, 381, 9, '2019-10-14 11:07:17', '2019-10-14 11:07:17', 5500000, 9),
(106, 382, 9, '2019-10-14 11:07:54', '2019-10-14 11:07:54', 2000000, 9),
(107, 383, 9, '2019-10-14 11:09:07', '2019-10-14 11:09:07', 3000000, 9),
(108, 384, 9, '2019-10-14 11:09:55', '2019-10-14 11:09:55', 45000, 9),
(109, 385, 9, '2019-10-14 11:11:24', '2019-10-14 11:11:24', 60000, 9),
(110, 387, 9, '2019-10-14 11:11:57', '2019-10-14 11:11:57', 60000, 9),
(111, 386, 9, '2019-10-14 11:13:09', '2019-10-14 11:13:09', 45000, 9),
(112, 388, 9, '2019-10-14 11:14:00', '2019-10-14 11:14:00', 680000, 9),
(113, 389, 9, '2019-10-14 11:14:27', '2019-10-14 11:14:27', 520000, 9),
(114, 390, 9, '2019-10-14 11:14:52', '2019-10-14 11:14:52', 300000, 9),
(115, 391, 9, '2019-10-14 11:15:13', '2019-10-14 11:15:13', 1500, 9),
(116, 392, 9, '2019-10-14 11:15:36', '2019-10-14 11:15:36', 2500, 9),
(117, 326, 9, '2019-10-14 15:21:35', '2019-10-14 15:21:35', 37000, 6),
(118, 329, 3, '2019-10-15 09:00:42', '2019-10-15 09:00:42', 125000, 9),
(120, 330, 3, '2019-10-15 09:02:00', '2019-10-15 09:02:00', 125000, 9),
(121, 331, 3, '2019-10-15 09:02:33', '2019-10-15 09:02:33', 40000, 9),
(123, 332, 3, '2019-10-15 09:04:29', '2019-10-15 09:04:29', 65000, 9),
(124, 333, 3, '2019-10-15 09:05:14', '2019-10-15 09:05:14', 2500, 9),
(125, 334, 3, '2019-10-15 09:05:52', '2019-10-15 09:05:52', 1500, 9),
(126, 335, 3, '2019-10-15 09:06:34', '2019-10-15 09:06:34', 2500, 9),
(127, 336, 3, '2019-10-15 09:07:16', '2019-10-15 09:07:16', 45000, 9),
(128, 337, 3, '2019-10-15 09:07:55', '2019-10-15 09:07:55', 0, 9),
(129, 338, 3, '2019-10-15 09:08:33', '2019-10-15 09:08:33', 25000, 9),
(130, 339, 3, '2019-10-15 09:09:10', '2019-10-15 09:09:10', 70000, 9),
(131, 340, 3, '2019-10-15 09:09:48', '2019-10-15 09:09:48', 80000, 9),
(132, 341, 3, '2019-10-15 09:10:26', '2019-10-15 09:10:26', 180000, 9),
(134, 283, 3, '2019-10-15 09:13:26', '2019-10-15 09:13:26', 14000, 9),
(135, 284, 9, '2019-10-15 09:14:55', '2019-10-15 09:14:55', 25000, 9),
(136, 285, 9, '2019-10-15 09:16:39', '2019-10-15 09:16:39', 19000, 9),
(137, 286, 3, '2019-10-15 09:17:23', '2019-10-15 09:17:23', 13000, 9),
(138, 287, 3, '2019-10-15 09:18:13', '2019-10-15 09:18:13', 14000, 9),
(139, 288, 3, '2019-10-15 09:19:11', '2019-10-15 09:19:11', 10000, 9),
(140, 289, 9, '2019-10-15 09:20:08', '2019-10-15 09:20:08', 13000, 9),
(141, 290, 9, '2019-10-15 09:21:05', '2019-10-15 09:21:05', 13000, 9),
(142, 291, 3, '2019-10-15 09:21:45', '2019-10-15 09:21:45', 17000, 9),
(143, 292, 3, '2019-10-15 09:22:27', '2019-10-15 09:22:27', 15000, 9),
(145, 310, 3, '2019-10-15 09:26:26', '2019-10-15 09:26:26', 15000, 9),
(146, 311, 3, '2019-10-15 09:26:55', '2019-10-15 09:26:55', 13000, 9),
(147, 312, 3, '2019-10-15 09:27:29', '2019-10-15 09:27:29', 16000, 9),
(148, 313, 3, '2019-10-15 09:28:07', '2019-10-15 09:28:34', 16000, 9),
(149, 314, 3, '2019-10-15 09:29:05', '2019-10-15 09:29:05', 68000, 9),
(150, 315, 3, '2019-10-15 09:29:42', '2019-10-15 09:29:42', 11000, 9),
(151, 316, 3, '2019-10-15 09:30:16', '2019-10-15 09:30:16', 7000, 9),
(152, 317, 3, '2019-10-15 09:30:46', '2019-10-15 09:30:46', 7000, 9),
(153, 318, 3, '2019-10-15 09:31:22', '2019-10-15 09:31:22', 9000, 9),
(154, 319, 3, '2019-10-15 09:32:01', '2019-10-15 09:39:25', 700, 9),
(155, 320, 3, '2019-10-15 09:32:34', '2019-10-15 09:38:04', 2500, 9),
(156, 321, 9, '2019-10-15 09:34:39', '2019-10-15 09:34:39', 15000, 9),
(157, 322, 9, '2019-10-15 09:35:11', '2019-10-15 09:35:11', 10000, 9),
(158, 323, 9, '2019-10-15 09:35:53', '2019-10-15 09:35:53', 12000, 9),
(159, 324, 9, '2019-10-15 09:36:26', '2019-10-15 09:36:26', 10200, 9),
(160, 325, 9, '2019-10-15 09:37:27', '2019-10-15 09:37:27', 40000, 9),
(161, 326, 9, '2019-10-15 09:38:12', '2019-10-15 09:38:12', 37000, 9),
(163, 327, 9, '2019-10-15 09:40:36', '2019-10-15 09:40:36', 43600, 9),
(165, 294, 3, '2019-10-15 09:44:34', '2019-10-15 09:44:34', 60000, 9),
(166, 295, 3, '2019-10-15 09:45:09', '2019-10-15 09:45:09', 30000, 9),
(168, 296, 3, '2019-10-15 09:46:23', '2019-10-15 09:46:23', 50000, 9),
(169, 297, 3, '2019-10-15 09:47:11', '2019-10-15 09:47:11', 25000, 9),
(170, 298, 3, '2019-10-15 09:47:55', '2019-10-15 09:47:55', 35000, 9),
(171, 299, 3, '2019-10-15 09:48:45', '2019-10-15 09:48:45', 20000, 9),
(173, 300, 3, '2019-10-15 09:49:16', '2019-10-15 09:49:16', 10000, 9),
(174, 301, 3, '2019-10-15 09:49:48', '2019-10-15 09:49:48', 28000, 9),
(175, 302, 3, '2019-10-15 09:50:21', '2019-10-15 09:50:21', 10000, 9),
(176, 303, 3, '2019-10-15 09:50:55', '2019-10-15 09:50:55', 15000, 9),
(177, 304, 3, '2019-10-15 09:51:37', '2019-10-15 09:51:37', 12000, 9),
(178, 305, 3, '2019-10-15 09:52:10', '2019-10-15 09:52:10', 15000, 9),
(179, 306, 3, '2019-10-15 09:52:46', '2019-10-15 09:52:46', 5000, 9),
(180, 307, 3, '2019-10-15 09:53:22', '2019-10-15 09:53:22', 100000, 9),
(181, 308, 3, '2019-10-15 09:54:08', '2019-10-15 09:54:08', 38000, 9),
(182, 309, 3, '2019-10-15 09:54:37', '2019-10-15 09:54:37', 8000, 9),
(183, 342, 9, '2019-10-15 10:03:31', '2019-10-15 10:03:31', 8000, 9),
(184, 343, 9, '2019-10-15 10:04:06', '2019-10-15 10:04:06', 12000, 9),
(185, 344, 9, '2019-10-15 10:04:32', '2019-10-15 10:04:32', 7000, 9),
(186, 345, 9, '2019-10-15 10:05:02', '2019-10-15 10:05:02', 7000, 9),
(187, 346, 9, '2019-10-15 10:05:32', '2019-10-15 10:05:32', 5000, 9),
(188, 347, 9, '2019-10-15 10:06:06', '2019-10-15 10:06:06', 170000, 9),
(189, 348, 9, '2019-10-15 10:06:33', '2019-10-15 10:06:33', 18000, 9),
(190, 349, 9, '2019-10-15 10:07:20', '2019-10-15 10:07:20', 55000, 9),
(191, 350, 9, '2019-10-15 10:07:51', '2019-10-15 10:07:51', 57000, 9),
(192, 351, 9, '2019-10-15 10:08:18', '2019-10-15 10:08:18', 0, 9),
(193, 352, 9, '2019-10-15 10:08:47', '2019-10-15 10:08:47', 54000, 9),
(194, 353, 9, '2019-10-15 10:09:26', '2019-10-15 10:09:26', 54000, 9),
(195, 354, 9, '2019-10-15 10:10:00', '2019-10-15 10:10:00', 29000, 9),
(196, 355, 9, '2019-10-15 10:10:42', '2019-10-15 10:10:42', 48000, 9),
(197, 356, 9, '2019-10-15 10:11:25', '2019-10-15 10:11:25', 69000, 9),
(199, 357, 9, '2019-10-15 10:12:06', '2019-10-15 10:12:06', 110000, 9),
(200, 358, 9, '2019-10-15 10:12:45', '2019-10-15 10:12:45', 60000, 9),
(201, 359, 9, '2019-10-15 10:13:19', '2019-10-15 10:13:19', 78000, 9),
(202, 360, 9, '2019-10-15 10:13:57', '2019-10-15 10:13:57', 26000, 9),
(203, 361, 9, '2019-10-15 10:14:45', '2019-10-15 10:14:45', 34000, 9),
(204, 362, 9, '2019-10-15 10:15:40', '2019-10-15 10:15:40', 45000, 9),
(205, 363, 9, '2019-10-15 10:16:11', '2019-10-15 10:16:11', 45000, 9),
(206, 380, 9, '2019-10-15 10:17:03', '2019-10-15 10:17:03', 2000000, 9),
(207, 381, 9, '2019-10-15 10:17:46', '2019-10-15 10:17:46', 5500000, 9),
(208, 382, 9, '2019-10-15 10:18:33', '2019-10-15 10:18:33', 2000000, 9),
(209, 383, 9, '2019-10-15 10:19:38', '2019-10-15 10:19:38', 3000000, 9),
(210, 384, 9, '2019-10-15 10:20:33', '2019-10-15 10:20:33', 45000, 9),
(211, 385, 9, '2019-10-15 10:21:55', '2019-10-15 10:21:55', 60000, 9),
(213, 386, 9, '2019-10-15 10:23:30', '2019-10-15 10:23:30', 45000, 9),
(214, 387, 9, '2019-10-15 10:24:17', '2019-10-15 10:24:17', 60000, 9),
(215, 388, 9, '2019-10-15 10:25:12', '2019-10-15 10:25:12', 680000, 9),
(216, 389, 9, '2019-10-15 10:26:03', '2019-10-15 10:26:03', 530000, 9),
(218, 390, 9, '2019-10-15 10:27:26', '2019-10-15 10:27:26', 300000, 9),
(219, 391, 9, '2019-10-15 10:28:28', '2019-10-15 10:28:28', 1500, 9),
(220, 392, 9, '2019-10-15 10:29:12', '2019-10-15 10:29:12', 2500, 9),
(221, 328, 3, '2019-10-15 11:30:30', '2019-10-15 07:04:58', 125000, 6),
(222, 283, 3, '2019-10-16 08:49:57', '2019-10-16 08:49:57', 14000, 9),
(223, 284, 9, '2019-10-16 08:53:47', '2019-10-16 08:53:47', 25000, 9),
(224, 285, 9, '2019-10-16 08:55:48', '2019-10-16 08:55:48', 19000, 9),
(225, 286, 3, '2019-10-16 08:56:32', '2019-10-16 08:56:32', 13000, 9),
(226, 287, 3, '2019-10-16 08:56:55', '2019-10-16 08:56:55', 14000, 9),
(227, 288, 3, '2019-10-16 08:57:38', '2019-10-16 08:57:38', 10000, 9),
(229, 290, 9, '2019-10-16 08:58:57', '2019-10-16 08:58:57', 13000, 9),
(230, 291, 3, '2019-10-16 08:59:33', '2019-10-16 08:59:33', 17000, 9),
(231, 292, 3, '2019-10-16 09:00:05', '2019-10-16 09:00:05', 15000, 9),
(232, 293, 3, '2019-10-16 09:00:47', '2019-10-16 09:00:47', 40000, 9),
(233, 294, 3, '2019-10-16 09:01:16', '2019-10-16 09:01:16', 60000, 9),
(234, 295, 3, '2019-10-16 09:01:44', '2019-10-16 09:01:44', 30000, 9),
(235, 296, 3, '2019-10-16 09:02:13', '2019-10-16 09:02:13', 70000, 9),
(236, 297, 3, '2019-10-16 09:02:49', '2019-10-16 09:02:49', 30000, 9),
(237, 298, 3, '2019-10-16 09:03:23', '2019-10-16 09:03:23', 35000, 9),
(238, 299, 3, '2019-10-16 09:03:53', '2019-10-16 09:03:53', 20000, 9),
(239, 300, 3, '2019-10-16 09:04:36', '2019-10-16 09:04:36', 10000, 9),
(240, 301, 3, '2019-10-16 09:05:08', '2019-10-16 09:05:08', 28000, 9),
(241, 302, 3, '2019-10-16 09:07:17', '2019-10-16 09:07:17', 10000, 9),
(242, 303, 3, '2019-10-16 09:07:47', '2019-10-16 09:07:47', 15000, 9),
(243, 304, 3, '2019-10-16 09:08:19', '2019-10-16 09:08:19', 10000, 9),
(244, 305, 3, '2019-10-16 09:08:49', '2019-10-16 09:08:49', 15000, 9),
(245, 306, 3, '2019-10-16 09:09:20', '2019-10-16 09:09:20', 5000, 9),
(246, 307, 3, '2019-10-16 09:10:07', '2019-10-16 09:10:24', 100000, 9),
(247, 308, 3, '2019-10-16 09:11:07', '2019-10-16 09:11:07', 38000, 9),
(248, 309, 3, '2019-10-16 09:11:53', '2019-10-16 09:11:53', 8000, 9),
(249, 328, 3, '2019-10-16 09:12:43', '2019-10-16 09:12:43', 125000, 9),
(250, 329, 3, '2019-10-16 09:13:14', '2019-10-16 09:13:14', 125000, 9),
(251, 330, 3, '2019-10-16 09:13:46', '2019-10-16 09:13:46', 125000, 9),
(252, 331, 3, '2019-10-16 09:14:27', '2019-10-16 09:14:27', 40000, 9),
(253, 332, 3, '2019-10-16 09:15:00', '2019-10-16 09:15:00', 65000, 9),
(254, 333, 3, '2019-10-16 09:15:25', '2019-10-16 09:15:25', 2500, 9),
(255, 334, 3, '2019-10-16 09:15:52', '2019-10-16 09:15:52', 1500, 9),
(256, 335, 3, '2019-10-16 09:16:30', '2019-10-16 09:16:30', 2500, 9),
(257, 336, 3, '2019-10-16 09:17:03', '2019-10-16 09:17:03', 45000, 9),
(258, 337, 3, '2019-10-16 09:17:31', '2019-10-16 09:17:31', 0, 9),
(259, 338, 3, '2019-10-16 09:18:02', '2019-10-16 09:18:02', 33000, 9),
(260, 339, 3, '2019-10-16 09:18:37', '2019-10-16 09:18:37', 70000, 9),
(261, 340, 3, '2019-10-16 09:19:06', '2019-10-16 09:19:06', 80000, 9),
(262, 341, 3, '2019-10-16 09:19:34', '2019-10-16 09:19:34', 180000, 9),
(263, 310, 3, '2019-10-16 09:20:26', '2019-10-16 09:20:26', 15000, 9),
(264, 311, 3, '2019-10-16 09:20:54', '2019-10-16 09:20:54', 13000, 9),
(265, 312, 3, '2019-10-16 09:21:24', '2019-10-16 09:21:24', 16000, 9),
(266, 313, 3, '2019-10-16 09:22:02', '2019-10-16 09:22:02', 16000, 9),
(267, 314, 3, '2019-10-16 09:22:31', '2019-10-16 09:22:31', 68000, 9),
(268, 315, 3, '2019-10-16 09:23:00', '2019-10-16 09:23:00', 11000, 9),
(269, 316, 3, '2019-10-16 09:23:33', '2019-10-16 09:23:33', 7000, 9),
(270, 317, 3, '2019-10-16 09:24:02', '2019-10-16 09:24:02', 7000, 9),
(271, 318, 3, '2019-10-16 09:24:39', '2019-10-16 09:24:39', 9000, 9),
(272, 319, 3, '2019-10-16 09:25:28', '2019-10-16 17:20:59', 700, 9),
(273, 320, 3, '2019-10-16 09:26:03', '2019-10-16 17:20:46', 2500, 9),
(274, 321, 9, '2019-10-16 09:26:59', '2019-10-16 09:26:59', 15000, 9),
(275, 322, 9, '2019-10-16 09:27:31', '2019-10-16 09:27:31', 10000, 9),
(276, 323, 9, '2019-10-16 09:28:09', '2019-10-16 09:28:09', 12000, 9),
(277, 324, 9, '2019-10-16 09:28:57', '2019-10-16 09:28:57', 10200, 9),
(279, 325, 9, '2019-10-16 09:30:45', '2019-10-16 09:30:45', 40000, 9),
(280, 326, 9, '2019-10-16 09:31:17', '2019-10-16 09:31:17', 37000, 9),
(281, 327, 9, '2019-10-16 09:32:44', '2019-10-16 09:32:44', 43600, 9),
(282, 342, 9, '2019-10-16 09:33:45', '2019-10-16 09:33:45', 8000, 9),
(283, 343, 9, '2019-10-16 09:34:30', '2019-10-16 09:34:30', 12000, 9),
(284, 344, 9, '2019-10-16 09:34:51', '2019-10-16 09:34:51', 7000, 9),
(285, 345, 9, '2019-10-16 09:35:16', '2019-10-16 09:35:16', 7000, 9),
(286, 346, 9, '2019-10-16 09:35:37', '2019-10-16 09:35:37', 5000, 9),
(287, 347, 9, '2019-10-16 09:36:08', '2019-10-16 09:36:08', 170000, 9),
(288, 348, 9, '2019-10-16 09:36:50', '2019-10-16 09:36:50', 18000, 9),
(289, 349, 9, '2019-10-16 09:37:18', '2019-10-16 09:37:18', 55000, 9),
(290, 350, 9, '2019-10-16 09:37:47', '2019-10-16 09:37:47', 57000, 9),
(291, 351, 9, '2019-10-16 09:38:08', '2019-10-16 09:38:08', 0, 9),
(292, 352, 9, '2019-10-16 09:38:30', '2019-10-16 09:38:30', 54000, 9),
(293, 353, 9, '2019-10-16 09:38:55', '2019-10-16 09:38:55', 54000, 9),
(294, 354, 9, '2019-10-16 09:39:23', '2019-10-16 09:39:23', 29000, 9),
(295, 355, 9, '2019-10-16 09:39:46', '2019-10-16 09:39:46', 48000, 9),
(296, 356, 9, '2019-10-16 09:40:10', '2019-10-16 09:40:10', 69000, 9),
(297, 357, 9, '2019-10-16 09:40:43', '2019-10-16 09:40:43', 110000, 9),
(298, 358, 9, '2019-10-16 09:41:17', '2019-10-16 09:41:17', 60000, 9),
(299, 359, 9, '2019-10-16 09:41:37', '2019-10-16 09:41:37', 78000, 9),
(300, 360, 9, '2019-10-16 09:42:04', '2019-10-16 09:42:04', 26000, 9),
(301, 361, 9, '2019-10-16 09:42:40', '2019-10-16 09:42:40', 34000, 9),
(302, 362, 9, '2019-10-16 09:43:20', '2019-10-16 09:43:20', 45000, 9),
(303, 363, 9, '2019-10-16 09:43:57', '2019-10-16 09:43:57', 45000, 9),
(304, 380, 9, '2019-10-16 09:44:35', '2019-10-16 09:44:35', 2000000, 9),
(305, 381, 9, '2019-10-16 09:45:07', '2019-10-16 09:45:07', 5500000, 9),
(306, 382, 9, '2019-10-16 09:45:35', '2019-10-16 09:45:35', 2000000, 9),
(308, 384, 9, '2019-10-16 09:46:55', '2019-10-16 09:46:55', 45000, 9),
(309, 385, 9, '2019-10-16 09:47:26', '2019-10-16 09:47:26', 60000, 9),
(310, 386, 9, '2019-10-16 09:48:06', '2019-10-16 09:48:06', 45000, 9),
(312, 387, 9, '2019-10-16 09:49:54', '2019-10-16 09:49:54', 60000, 9),
(313, 388, 9, '2019-10-16 09:50:48', '2019-10-16 09:50:48', 680000, 9),
(315, 389, 9, '2019-10-16 09:51:26', '2019-10-16 09:51:26', 530000, 9),
(316, 390, 9, '2019-10-16 09:51:56', '2019-10-16 09:51:56', 300000, 9),
(317, 391, 9, '2019-10-16 09:52:16', '2019-10-16 09:52:16', 1500, 9),
(318, 392, 9, '2019-10-16 09:52:43', '2019-10-16 09:52:43', 2500, 9),
(319, 283, 3, '2019-10-17 09:17:19', '2019-10-17 09:17:19', 14000, 9),
(320, 284, 9, '2019-10-17 09:18:26', '2019-10-17 09:18:26', 25000, 9),
(321, 285, 9, '2019-10-17 09:19:14', '2019-10-17 09:19:14', 19000, 9),
(322, 286, 3, '2019-10-17 09:19:38', '2019-10-17 09:19:38', 13000, 9),
(323, 287, 3, '2019-10-17 09:20:34', '2019-10-17 09:20:34', 14000, 9),
(324, 288, 3, '2019-10-17 09:21:11', '2019-10-17 09:21:11', 10000, 9),
(325, 289, 9, '2019-10-17 09:22:03', '2019-10-17 09:22:03', 13000, 9),
(326, 290, 9, '2019-10-17 09:22:56', '2019-10-17 09:22:56', 13000, 9),
(327, 291, 3, '2019-10-17 09:23:23', '2019-10-17 09:23:23', 17000, 9),
(328, 292, 3, '2019-10-17 09:23:54', '2019-10-17 09:23:54', 15000, 9),
(329, 293, 3, '2019-10-17 09:25:16', '2019-10-17 10:16:24', 40000, 9),
(330, 294, 3, '2019-10-17 09:25:42', '2019-10-17 09:25:42', 45000, 9),
(331, 295, 3, '2019-10-17 09:27:17', '2019-10-17 09:27:17', 35000, 9),
(332, 296, 3, '2019-10-17 09:27:54', '2019-10-17 09:27:54', 60000, 9),
(333, 297, 3, '2019-10-17 09:28:28', '2019-10-17 09:28:28', 25000, 9),
(334, 298, 3, '2019-10-17 09:28:53', '2019-10-17 09:28:53', 30000, 9),
(335, 299, 3, '2019-10-17 09:29:22', '2019-10-17 09:29:22', 20000, 9),
(336, 300, 3, '2019-10-17 09:29:48', '2019-10-17 09:29:48', 10000, 9),
(338, 301, 3, '2019-10-17 09:33:11', '2019-10-17 09:33:11', 28000, 9),
(339, 302, 3, '2019-10-17 09:33:53', '2019-10-17 09:33:53', 10000, 9),
(340, 303, 3, '2019-10-17 09:34:48', '2019-10-17 09:34:48', 15000, 9),
(341, 304, 3, '2019-10-17 09:35:25', '2019-10-17 09:35:25', 10000, 9),
(342, 305, 3, '2019-10-17 09:36:31', '2019-10-17 09:36:31', 15000, 9),
(343, 306, 3, '2019-10-17 09:37:10', '2019-10-17 09:37:10', 5000, 9),
(344, 307, 3, '2019-10-17 09:37:39', '2019-10-17 09:37:39', 100000, 9),
(345, 308, 3, '2019-10-17 09:38:04', '2019-10-17 09:38:04', 38000, 9),
(346, 309, 3, '2019-10-17 09:38:55', '2019-10-17 09:38:55', 8000, 9),
(347, 310, 3, '2019-10-17 09:39:31', '2019-10-17 09:39:31', 15000, 9),
(348, 311, 3, '2019-10-17 09:40:02', '2019-10-17 09:40:02', 13000, 9),
(349, 312, 3, '2019-10-17 09:40:27', '2019-10-17 09:40:27', 17000, 9),
(350, 313, 3, '2019-10-17 09:40:58', '2019-10-17 09:40:58', 16000, 9),
(351, 314, 3, '2019-10-17 09:41:20', '2019-10-17 09:41:20', 68000, 9),
(352, 315, 3, '2019-10-17 09:41:56', '2019-10-17 09:41:56', 12000, 9),
(353, 316, 3, '2019-10-17 09:43:16', '2019-10-17 09:43:16', 9000, 9),
(354, 317, 3, '2019-10-17 09:43:38', '2019-10-17 09:43:38', 7000, 9),
(355, 318, 3, '2019-10-17 09:44:05', '2019-10-17 09:44:05', 9000, 9),
(357, 319, 3, '2019-10-17 09:45:47', '2019-10-17 11:01:48', 700, 9),
(358, 320, 3, '2019-10-17 09:46:13', '2019-10-17 09:46:13', 2500, 9),
(359, 321, 9, '2019-10-17 09:47:16', '2019-10-17 09:47:16', 15000, 9),
(360, 322, 9, '2019-10-17 09:47:51', '2019-10-17 09:47:51', 10000, 9),
(361, 323, 9, '2019-10-17 09:48:38', '2019-10-17 09:48:38', 12000, 9),
(362, 324, 9, '2019-10-17 09:49:27', '2019-10-17 09:49:27', 10200, 9),
(363, 325, 9, '2019-10-17 09:50:18', '2019-10-17 09:50:18', 40000, 9),
(364, 326, 9, '2019-10-17 09:50:57', '2019-10-17 09:50:57', 37000, 9),
(365, 327, 9, '2019-10-17 09:51:20', '2019-10-17 09:51:20', 43000, 9),
(366, 328, 3, '2019-10-17 09:51:56', '2019-10-17 09:51:56', 125000, 9),
(367, 329, 3, '2019-10-17 09:52:17', '2019-10-17 09:52:17', 125000, 9),
(368, 330, 3, '2019-10-17 09:52:37', '2019-10-17 09:52:37', 125000, 9),
(369, 331, 3, '2019-10-17 09:53:01', '2019-10-17 09:53:01', 40000, 9),
(370, 332, 3, '2019-10-17 09:53:22', '2019-10-17 09:53:22', 65000, 9),
(371, 333, 3, '2019-10-17 09:54:12', '2019-10-17 09:54:12', 2500, 9),
(372, 334, 3, '2019-10-17 09:55:06', '2019-10-17 09:55:06', 1500, 9),
(373, 335, 3, '2019-10-17 09:56:12', '2019-10-17 09:56:12', 2500, 9),
(374, 336, 3, '2019-10-17 09:56:44', '2019-10-17 09:56:44', 45000, 9),
(375, 337, 3, '2019-10-17 09:57:10', '2019-10-17 09:57:10', 0, 9),
(376, 338, 3, '2019-10-17 09:57:34', '2019-10-17 09:57:34', 25000, 9),
(377, 339, 3, '2019-10-17 09:58:04', '2019-10-17 09:58:04', 70000, 9),
(378, 340, 3, '2019-10-17 09:58:21', '2019-10-17 09:58:21', 80000, 9),
(379, 341, 3, '2019-10-17 09:58:42', '2019-10-17 09:58:42', 180000, 9),
(380, 342, 9, '2019-10-17 09:59:03', '2019-10-17 09:59:03', 8000, 9),
(381, 343, 9, '2019-10-17 09:59:23', '2019-10-17 09:59:23', 12000, 9),
(382, 344, 9, '2019-10-17 09:59:46', '2019-10-17 09:59:46', 7000, 9),
(383, 345, 9, '2019-10-17 10:00:06', '2019-10-17 10:00:06', 7000, 9),
(384, 346, 9, '2019-10-17 10:00:26', '2019-10-17 10:00:26', 5000, 9),
(385, 347, 9, '2019-10-17 10:00:56', '2019-10-17 10:00:56', 170000, 9),
(386, 348, 9, '2019-10-17 10:01:14', '2019-10-17 10:01:14', 18000, 9),
(387, 349, 9, '2019-10-17 10:01:48', '2019-10-17 10:01:48', 55000, 9),
(388, 350, 9, '2019-10-17 10:02:10', '2019-10-17 10:02:10', 55000, 9),
(389, 351, 9, '2019-10-17 10:03:04', '2019-10-17 10:03:04', 0, 9),
(390, 352, 9, '2019-10-17 10:03:56', '2019-10-17 10:03:56', 54000, 9),
(391, 353, 9, '2019-10-17 10:04:43', '2019-10-17 10:04:43', 54000, 9),
(392, 354, 9, '2019-10-17 10:07:07', '2019-10-17 10:07:07', 32000, 9),
(393, 355, 9, '2019-10-17 10:07:34', '2019-10-17 10:07:34', 50000, 9),
(394, 356, 9, '2019-10-17 10:08:01', '2019-10-17 10:08:01', 77000, 9),
(395, 357, 9, '2019-10-17 10:08:26', '2019-10-17 10:08:26', 105000, 9),
(396, 358, 9, '2019-10-17 10:08:56', '2019-10-17 10:08:56', 60000, 9),
(397, 359, 9, '2019-10-17 10:09:19', '2019-10-17 10:09:37', 76000, 9),
(398, 360, 9, '2019-10-17 10:10:09', '2019-10-17 10:10:09', 26000, 9),
(399, 361, 9, '2019-10-17 10:10:57', '2019-10-17 10:10:57', 32000, 9),
(400, 362, 9, '2019-10-17 10:11:23', '2019-10-17 10:11:23', 45000, 9),
(401, 363, 9, '2019-10-17 10:11:54', '2019-10-17 10:11:54', 45000, 9),
(402, 380, 9, '2019-10-17 10:12:30', '2019-10-17 10:12:30', 2000000, 9),
(403, 381, 9, '2019-10-17 10:12:58', '2019-10-17 10:12:58', 5500000, 9),
(404, 382, 9, '2019-10-17 10:13:21', '2019-10-17 10:13:21', 2000000, 9),
(405, 383, 9, '2019-10-17 10:13:49', '2019-10-17 10:13:49', 3000000, 9),
(406, 384, 9, '2019-10-17 10:14:22', '2019-10-17 10:14:22', 45000, 9),
(407, 385, 9, '2019-10-17 10:15:18', '2019-10-17 10:15:18', 60000, 9),
(409, 387, 9, '2019-10-17 10:16:15', '2019-10-17 10:16:15', 60000, 9),
(410, 388, 9, '2019-10-17 10:16:48', '2019-10-17 10:16:48', 680000, 9),
(411, 389, 9, '2019-10-17 10:17:18', '2019-10-17 10:17:18', 530000, 9),
(412, 390, 9, '2019-10-17 10:17:44', '2019-10-17 10:17:44', 300000, 9),
(413, 391, 9, '2019-10-17 10:18:05', '2019-10-17 10:18:05', 1500, 9),
(414, 392, 9, '2019-10-17 10:18:22', '2019-10-17 10:18:22', 2500, 9),
(416, 383, 9, '2019-10-18 06:57:27', '2019-10-16 06:57:27', 3000000, 6),
(418, 293, 3, '2019-10-18 07:06:59', '2019-10-15 07:06:59', 40000, 6),
(419, 289, 9, '2019-10-18 07:11:10', '2019-10-16 07:18:09', 13000, 6),
(420, 283, 3, '2019-10-18 09:09:36', '2019-10-18 09:50:02', 14000, 9),
(421, 284, 9, '2019-10-18 09:10:13', '2019-10-18 09:10:13', 25000, 9),
(422, 285, 9, '2019-10-18 09:10:55', '2019-10-18 09:10:55', 19000, 9),
(423, 286, 3, '2019-10-18 09:11:26', '2019-10-18 09:11:26', 13000, 9),
(424, 287, 3, '2019-10-18 09:11:56', '2019-10-18 09:11:56', 13000, 9),
(425, 288, 3, '2019-10-18 09:12:34', '2019-10-18 09:12:34', 11000, 9),
(426, 289, 9, '2019-10-18 09:13:03', '2019-10-18 09:13:03', 13000, 9),
(427, 290, 9, '2019-10-18 09:13:26', '2019-10-18 09:13:26', 13000, 9),
(428, 291, 3, '2019-10-18 09:13:49', '2019-10-18 09:13:49', 17000, 9),
(429, 292, 3, '2019-10-18 09:14:24', '2019-10-18 09:14:24', 15000, 9),
(430, 293, 3, '2019-10-18 09:14:45', '2019-10-18 09:14:45', 40000, 9),
(431, 294, 3, '2019-10-18 09:15:11', '2019-10-18 09:15:11', 50000, 9),
(432, 295, 3, '2019-10-18 09:15:33', '2019-10-18 09:15:33', 30000, 9),
(433, 296, 3, '2019-10-18 09:15:57', '2019-10-18 09:16:43', 60000, 9),
(434, 297, 3, '2019-10-18 09:17:06', '2019-10-18 09:50:20', 25000, 9),
(435, 298, 3, '2019-10-18 09:17:29', '2019-10-18 09:17:29', 30000, 9),
(436, 299, 3, '2019-10-18 09:17:53', '2019-10-18 09:17:53', 20000, 9),
(437, 300, 3, '2019-10-18 09:18:22', '2019-10-18 09:18:22', 10000, 9),
(438, 301, 3, '2019-10-18 09:18:44', '2019-10-18 09:18:44', 28000, 9),
(439, 302, 3, '2019-10-18 09:19:11', '2019-10-18 09:19:11', 8000, 9),
(440, 303, 3, '2019-10-18 09:19:35', '2019-10-18 09:19:35', 15000, 9),
(441, 304, 3, '2019-10-18 09:19:58', '2019-10-18 09:19:58', 10000, 9),
(442, 305, 3, '2019-10-18 09:20:23', '2019-10-18 09:20:23', 20000, 9),
(443, 306, 3, '2019-10-18 09:20:46', '2019-10-18 09:20:46', 5000, 9),
(444, 307, 3, '2019-10-18 09:21:13', '2019-10-18 09:21:13', 100000, 9),
(445, 308, 3, '2019-10-18 09:21:35', '2019-10-18 09:21:35', 38000, 9),
(446, 309, 3, '2019-10-18 09:22:03', '2019-10-18 09:22:03', 8000, 9),
(447, 328, 3, '2019-10-18 09:22:31', '2019-10-18 09:22:31', 125000, 9),
(448, 329, 3, '2019-10-18 09:22:55', '2019-10-18 09:22:55', 125000, 9),
(450, 330, 3, '2019-10-18 09:24:59', '2019-10-18 09:24:59', 125000, 9),
(451, 331, 3, '2019-10-18 09:25:20', '2019-10-18 09:25:20', 40000, 9),
(452, 332, 3, '2019-10-18 09:25:42', '2019-10-18 09:25:42', 65000, 9),
(453, 333, 3, '2019-10-18 09:26:05', '2019-10-18 09:26:05', 2500, 9),
(454, 334, 3, '2019-10-18 09:26:40', '2019-10-18 09:26:40', 1500, 9),
(455, 335, 3, '2019-10-18 09:27:25', '2019-10-18 09:27:25', 2500, 9),
(456, 336, 3, '2019-10-18 09:27:43', '2019-10-18 09:27:43', 45000, 9),
(457, 337, 3, '2019-10-18 09:28:01', '2019-10-18 09:28:01', 0, 9),
(458, 338, 3, '2019-10-18 09:28:34', '2019-10-18 09:28:34', 25000, 9),
(459, 339, 3, '2019-10-18 09:28:56', '2019-10-18 09:28:56', 70000, 9),
(460, 340, 3, '2019-10-18 09:29:14', '2019-10-18 09:29:14', 80000, 9),
(461, 341, 3, '2019-10-18 09:29:39', '2019-10-18 09:29:39', 180000, 9),
(462, 310, 3, '2019-10-18 09:30:26', '2019-10-18 09:30:26', 15000, 9),
(463, 311, 3, '2019-10-18 09:30:51', '2019-10-18 09:30:51', 13000, 9),
(464, 312, 3, '2019-10-18 09:31:09', '2019-10-18 09:31:09', 17000, 9),
(465, 313, 3, '2019-10-18 09:31:33', '2019-10-18 09:31:33', 16000, 9),
(466, 314, 3, '2019-10-18 09:31:55', '2019-10-18 09:31:55', 68000, 9),
(467, 315, 3, '2019-10-18 09:32:52', '2019-10-18 09:32:52', 10000, 9),
(468, 316, 3, '2019-10-18 09:33:22', '2019-10-18 09:33:22', 7000, 9),
(469, 317, 3, '2019-10-18 09:33:49', '2019-10-18 09:33:49', 7000, 9),
(470, 318, 3, '2019-10-18 09:34:15', '2019-10-18 09:34:15', 9000, 9),
(471, 319, 3, '2019-10-18 09:34:40', '2019-10-18 09:34:40', 700, 9),
(472, 320, 3, '2019-10-18 09:35:02', '2019-10-18 09:35:02', 2500, 9),
(473, 321, 9, '2019-10-18 09:35:50', '2019-10-18 09:35:50', 15000, 9),
(474, 322, 9, '2019-10-18 09:36:15', '2019-10-18 09:36:15', 10000, 9),
(475, 323, 9, '2019-10-18 09:36:51', '2019-10-18 09:36:51', 12000, 9),
(476, 324, 9, '2019-10-18 09:37:18', '2019-10-18 09:37:18', 10200, 9),
(477, 325, 9, '2019-10-18 09:37:45', '2019-10-18 09:37:45', 40000, 9),
(478, 326, 9, '2019-10-18 09:38:17', '2019-10-18 09:38:17', 37000, 9),
(479, 327, 9, '2019-10-18 09:38:59', '2019-10-18 09:38:59', 43600, 9),
(480, 342, 9, '2019-10-18 09:39:40', '2019-10-18 09:39:40', 8000, 9),
(481, 343, 9, '2019-10-18 09:40:05', '2019-10-18 09:40:05', 12000, 9),
(482, 344, 9, '2019-10-18 09:40:30', '2019-10-18 09:40:30', 7000, 9),
(483, 345, 9, '2019-10-18 09:40:58', '2019-10-18 09:40:58', 7000, 9),
(484, 346, 9, '2019-10-18 09:41:22', '2019-10-18 09:41:22', 5000, 9),
(485, 347, 9, '2019-10-18 09:41:51', '2019-10-18 09:41:51', 170000, 9),
(486, 348, 9, '2019-10-18 09:42:19', '2019-10-18 09:42:19', 18000, 9),
(487, 349, 9, '2019-10-18 09:42:45', '2019-10-18 09:42:45', 55000, 9),
(488, 350, 9, '2019-10-18 09:43:28', '2019-10-18 09:43:28', 55500, 9),
(489, 351, 9, '2019-10-18 09:43:50', '2019-10-18 09:43:50', 0, 9),
(490, 352, 9, '2019-10-18 09:44:14', '2019-10-18 09:44:14', 54000, 9),
(491, 353, 9, '2019-10-18 09:44:46', '2019-10-18 09:44:46', 54000, 9),
(492, 354, 9, '2019-10-18 09:45:22', '2019-10-18 09:45:22', 32000, 9),
(493, 355, 9, '2019-10-18 09:45:42', '2019-10-18 09:45:42', 50000, 9),
(494, 356, 9, '2019-10-18 09:46:05', '2019-10-18 09:46:05', 77000, 9),
(495, 357, 9, '2019-10-18 09:46:26', '2019-10-18 09:46:26', 105000, 9),
(496, 358, 9, '2019-10-18 09:46:58', '2019-10-18 09:46:58', 60000, 9),
(497, 359, 9, '2019-10-18 09:47:28', '2019-10-18 09:47:28', 76000, 9),
(498, 360, 9, '2019-10-18 09:48:02', '2019-10-18 09:48:02', 26000, 9),
(499, 361, 9, '2019-10-18 09:48:25', '2019-10-18 09:48:25', 32000, 9),
(500, 362, 9, '2019-10-18 09:48:56', '2019-10-18 09:48:56', 45000, 9),
(501, 363, 9, '2019-10-18 09:49:17', '2019-10-18 09:49:17', 45000, 9),
(502, 380, 9, '2019-10-18 09:49:47', '2019-10-18 09:49:47', 2000000, 9),
(503, 381, 9, '2019-10-18 09:50:37', '2019-10-18 09:50:37', 5500000, 9),
(504, 382, 9, '2019-10-18 09:51:11', '2019-10-18 09:51:11', 2000000, 9),
(505, 383, 9, '2019-10-18 09:51:40', '2019-10-18 09:51:40', 3000000, 9),
(506, 384, 9, '2019-10-18 09:52:12', '2019-10-18 09:52:12', 45000, 9),
(507, 385, 9, '2019-10-18 09:52:43', '2019-10-18 09:52:43', 60000, 9),
(508, 386, 9, '2019-10-18 09:53:21', '2019-10-18 09:53:21', 45000, 9),
(509, 387, 9, '2019-10-18 09:54:02', '2019-10-18 09:54:02', 60000, 9),
(510, 388, 9, '2019-10-18 09:54:34', '2019-10-18 09:54:34', 680000, 9),
(511, 389, 9, '2019-10-18 09:54:54', '2019-10-18 09:54:54', 530000, 9),
(512, 390, 9, '2019-10-18 09:56:46', '2019-10-18 09:56:46', 300000, 9),
(513, 391, 9, '2019-10-18 09:57:04', '2019-10-18 09:57:04', 1500, 9),
(514, 392, 9, '2019-10-18 09:57:24', '2019-10-18 09:57:24', 2500, 9),
(515, 386, 9, '2019-10-18 10:19:06', '2019-10-17 10:19:06', 45000, 6),
(516, 283, 3, '2019-10-21 09:48:09', '2019-10-21 09:48:09', 14000, 9),
(517, 284, 9, '2019-10-21 09:49:01', '2019-10-21 09:49:01', 25000, 9),
(518, 285, 9, '2019-10-21 09:49:50', '2019-10-21 09:49:50', 19000, 9),
(519, 286, 3, '2019-10-21 09:51:10', '2019-10-21 09:51:10', 13000, 9),
(520, 287, 3, '2019-10-21 09:54:35', '2019-10-21 09:54:35', 13000, 9),
(521, 288, 3, '2019-10-21 09:55:03', '2019-10-21 09:55:03', 11000, 9),
(522, 289, 9, '2019-10-21 09:55:40', '2019-10-21 09:55:40', 13000, 9),
(523, 290, 9, '2019-10-21 09:56:21', '2019-10-21 09:56:21', 13000, 9),
(524, 291, 3, '2019-10-21 09:57:04', '2019-10-21 09:57:04', 17000, 9),
(525, 292, 3, '2019-10-21 09:57:26', '2019-10-21 09:57:26', 15000, 9),
(526, 293, 3, '2019-10-21 09:57:58', '2019-10-21 09:57:58', 40000, 9),
(527, 294, 3, '2019-10-21 09:58:34', '2019-10-21 09:58:34', 50000, 9),
(528, 295, 3, '2019-10-21 09:59:05', '2019-10-21 09:59:05', 30000, 9),
(529, 296, 3, '2019-10-21 09:59:30', '2019-10-21 09:59:30', 50000, 9),
(530, 297, 3, '2019-10-21 10:00:15', '2019-10-21 10:00:15', 28000, 9),
(531, 298, 3, '2019-10-21 10:00:37', '2019-10-21 10:00:37', 30000, 9),
(532, 299, 3, '2019-10-21 10:01:05', '2019-10-21 10:01:05', 22000, 9),
(533, 300, 3, '2019-10-21 10:01:36', '2019-10-21 10:01:36', 12000, 9),
(534, 301, 3, '2019-10-21 10:02:05', '2019-10-21 10:02:05', 28000, 9),
(535, 302, 3, '2019-10-21 10:02:36', '2019-10-21 10:02:36', 10000, 9),
(536, 303, 3, '2019-10-21 10:03:09', '2019-10-21 10:03:09', 16000, 9),
(537, 304, 3, '2019-10-21 10:03:40', '2019-10-21 10:03:40', 10000, 9),
(538, 305, 3, '2019-10-21 10:05:07', '2019-10-21 10:05:07', 16000, 9),
(539, 306, 3, '2019-10-21 10:05:42', '2019-10-21 10:05:42', 5000, 9),
(540, 307, 3, '2019-10-21 10:06:17', '2019-10-21 10:06:17', 100000, 9),
(541, 308, 3, '2019-10-21 10:06:41', '2019-10-21 10:06:41', 38000, 9),
(542, 309, 3, '2019-10-21 10:07:10', '2019-10-21 10:07:10', 8000, 9),
(543, 328, 3, '2019-10-21 10:07:58', '2019-10-21 10:07:58', 125000, 9),
(544, 329, 3, '2019-10-21 10:08:24', '2019-10-21 10:08:24', 125000, 9),
(545, 330, 3, '2019-10-21 10:09:13', '2019-10-21 10:09:13', 125000, 9),
(546, 331, 3, '2019-10-21 10:09:40', '2019-10-21 10:09:40', 40000, 9),
(547, 332, 3, '2019-10-21 10:10:19', '2019-10-21 10:10:19', 60000, 9),
(548, 333, 3, '2019-10-21 10:10:50', '2019-10-21 10:10:50', 2500, 9),
(549, 334, 3, '2019-10-21 10:11:28', '2019-10-21 10:11:28', 1500, 9),
(550, 335, 3, '2019-10-21 10:11:59', '2019-10-21 10:11:59', 2500, 9),
(551, 336, 3, '2019-10-21 10:12:28', '2019-10-21 10:12:28', 45000, 9),
(552, 337, 3, '2019-10-21 10:13:06', '2019-10-21 10:13:06', 30000, 9),
(553, 338, 3, '2019-10-21 10:13:36', '2019-10-21 10:13:36', 25000, 9),
(554, 339, 3, '2019-10-21 10:14:08', '2019-10-21 10:14:08', 80000, 9),
(555, 340, 3, '2019-10-21 10:14:31', '2019-10-21 10:14:31', 80000, 9),
(556, 341, 3, '2019-10-21 10:14:58', '2019-10-21 10:14:58', 180000, 9),
(557, 310, 3, '2019-10-21 10:15:32', '2019-10-21 10:15:32', 15000, 9),
(558, 311, 3, '2019-10-21 10:15:56', '2019-10-21 10:15:56', 13000, 9),
(559, 312, 3, '2019-10-21 10:16:20', '2019-10-21 10:16:20', 16000, 9),
(560, 313, 3, '2019-10-21 10:16:49', '2019-10-21 10:16:49', 16000, 9),
(561, 314, 3, '2019-10-21 10:17:14', '2019-10-21 10:17:14', 68000, 9),
(562, 315, 3, '2019-10-21 10:17:50', '2019-10-21 10:17:50', 10000, 9),
(563, 316, 3, '2019-10-21 10:18:17', '2019-10-21 10:18:17', 7000, 9),
(564, 317, 3, '2019-10-21 10:18:42', '2019-10-21 10:18:42', 7000, 9),
(565, 318, 3, '2019-10-21 10:19:08', '2019-10-21 10:19:08', 9000, 9),
(566, 319, 3, '2019-10-21 10:19:36', '2019-10-21 10:19:36', 700, 9),
(567, 320, 3, '2019-10-21 10:20:18', '2019-10-21 10:20:18', 2500, 9),
(568, 321, 9, '2019-10-21 10:21:17', '2019-10-21 10:21:17', 15000, 9),
(569, 322, 9, '2019-10-21 10:21:52', '2019-10-21 10:21:52', 10000, 9),
(570, 323, 9, '2019-10-21 10:22:23', '2019-10-21 10:22:23', 12000, 9),
(571, 324, 9, '2019-10-21 10:22:54', '2019-10-21 10:22:54', 10200, 9),
(572, 325, 9, '2019-10-21 10:23:26', '2019-10-21 10:23:26', 40500, 9),
(573, 326, 9, '2019-10-21 10:24:02', '2019-10-21 10:24:02', 37000, 9),
(574, 327, 9, '2019-10-21 10:24:41', '2019-10-21 10:24:41', 43600, 9),
(575, 342, 9, '2019-10-21 10:25:14', '2019-10-21 10:25:14', 8000, 9),
(576, 343, 9, '2019-10-21 10:25:36', '2019-10-21 10:25:36', 12000, 9),
(577, 344, 9, '2019-10-21 10:26:18', '2019-10-21 10:26:18', 7000, 9),
(578, 345, 9, '2019-10-21 10:26:54', '2019-10-21 10:26:54', 7000, 9),
(579, 346, 9, '2019-10-21 10:27:20', '2019-10-21 10:27:20', 5000, 9),
(580, 347, 9, '2019-10-21 10:27:50', '2019-10-21 10:27:50', 170000, 9),
(581, 348, 9, '2019-10-21 10:28:19', '2019-10-21 10:28:19', 18000, 9),
(582, 349, 9, '2019-10-21 10:28:59', '2019-10-21 10:28:59', 55000, 9),
(583, 350, 9, '2019-10-21 10:29:25', '2019-10-21 10:29:25', 55500, 9),
(584, 351, 9, '2019-10-21 10:30:28', '2019-10-21 10:30:28', 0, 9),
(585, 352, 9, '2019-10-21 10:30:58', '2019-10-21 10:30:58', 54000, 9),
(586, 353, 9, '2019-10-21 10:31:38', '2019-10-21 10:31:38', 54000, 9),
(587, 354, 9, '2019-10-21 10:32:23', '2019-10-21 10:32:23', 32000, 9),
(588, 355, 9, '2019-10-21 10:32:45', '2019-10-21 10:32:45', 50000, 9),
(589, 356, 9, '2019-10-21 10:33:08', '2019-10-21 10:33:08', 77000, 9),
(590, 357, 9, '2019-10-21 10:33:34', '2019-10-21 10:33:34', 105000, 9),
(591, 358, 9, '2019-10-21 10:34:04', '2019-10-21 10:34:04', 60000, 9),
(592, 359, 9, '2019-10-21 10:34:32', '2019-10-21 10:34:32', 76000, 9),
(593, 360, 9, '2019-10-21 10:35:09', '2019-10-21 10:35:09', 26000, 9),
(594, 361, 9, '2019-10-21 10:35:45', '2019-10-21 10:35:45', 32000, 9),
(595, 362, 9, '2019-10-21 10:36:41', '2019-10-21 10:36:41', 45000, 9),
(596, 363, 9, '2019-10-21 10:37:20', '2019-10-21 10:37:20', 45000, 9),
(597, 380, 9, '2019-10-21 10:38:12', '2019-10-21 10:38:12', 2000000, 9),
(598, 381, 9, '2019-10-21 10:39:04', '2019-10-21 10:39:04', 5500000, 9),
(599, 382, 9, '2019-10-21 10:40:02', '2019-10-21 10:40:02', 2000000, 9),
(600, 383, 9, '2019-10-21 10:40:51', '2019-10-21 10:40:51', 3000000, 9),
(601, 384, 9, '2019-10-21 10:41:48', '2019-10-21 10:41:48', 45000, 9),
(602, 385, 9, '2019-10-21 10:42:21', '2019-10-21 10:42:21', 60000, 9),
(603, 386, 9, '2019-10-21 10:43:26', '2019-10-21 10:43:26', 45000, 9),
(604, 387, 9, '2019-10-21 10:43:51', '2019-10-21 10:43:51', 60000, 9),
(605, 388, 9, '2019-10-21 10:44:56', '2019-10-21 10:44:56', 680000, 9),
(606, 389, 9, '2019-10-21 10:45:53', '2019-10-21 10:45:53', 530000, 9),
(607, 390, 9, '2019-10-21 10:46:20', '2019-10-21 10:46:20', 300000, 9),
(608, 391, 9, '2019-10-21 10:46:50', '2019-10-21 10:46:50', 1500, 9),
(609, 392, 9, '2019-10-21 10:47:08', '2019-10-21 10:47:08', 2500, 9),
(610, 283, 3, '2019-10-22 08:46:12', '2019-10-22 08:46:12', 14000, 9),
(611, 284, 9, '2019-10-22 08:50:22', '2019-10-22 08:50:22', 25000, 9),
(612, 286, 3, '2019-10-22 08:51:55', '2019-10-22 08:51:55', 13000, 9),
(613, 285, 9, '2019-10-22 08:53:57', '2019-10-22 08:53:57', 19000, 9),
(614, 287, 3, '2019-10-22 08:54:38', '2019-10-22 08:54:38', 13000, 9),
(615, 288, 3, '2019-10-22 08:55:36', '2019-10-22 08:55:36', 11000, 9),
(616, 289, 9, '2019-10-22 08:57:49', '2019-10-22 08:57:49', 13000, 9),
(617, 290, 9, '2019-10-22 08:58:33', '2019-10-22 08:58:33', 13000, 9),
(618, 291, 3, '2019-10-22 08:59:17', '2019-10-22 08:59:17', 17000, 9),
(619, 292, 3, '2019-10-22 09:00:28', '2019-10-22 09:00:28', 15000, 9),
(620, 293, 3, '2019-10-22 09:03:02', '2019-10-22 09:03:02', 50000, 9),
(621, 294, 3, '2019-10-22 09:03:35', '2019-10-22 09:03:35', 50000, 9),
(622, 295, 3, '2019-10-22 09:04:27', '2019-10-22 09:04:27', 30000, 9),
(623, 296, 3, '2019-10-22 09:05:15', '2019-10-22 09:05:15', 40000, 9),
(624, 297, 3, '2019-10-22 09:06:08', '2019-10-22 09:06:08', 28000, 9),
(625, 298, 3, '2019-10-22 09:06:54', '2019-10-22 09:06:54', 30000, 9),
(626, 299, 3, '2019-10-22 09:07:35', '2019-10-22 09:07:35', 22000, 9),
(627, 300, 3, '2019-10-22 09:08:48', '2019-10-22 09:08:48', 12000, 9),
(628, 301, 3, '2019-10-22 09:09:34', '2019-10-22 09:09:34', 28000, 9),
(629, 302, 3, '2019-10-22 09:12:33', '2019-10-22 09:12:33', 10000, 9),
(630, 303, 3, '2019-10-22 09:35:05', '2019-10-22 09:35:05', 16000, 9),
(631, 304, 3, '2019-10-22 09:35:41', '2019-10-22 09:35:41', 10000, 9),
(632, 305, 3, '2019-10-22 09:36:29', '2019-10-22 09:36:29', 16000, 9),
(633, 306, 3, '2019-10-22 09:37:12', '2019-10-22 09:37:12', 5000, 9),
(634, 307, 3, '2019-10-22 09:37:57', '2019-10-22 09:37:57', 100000, 9),
(635, 308, 3, '2019-10-22 09:38:43', '2019-10-22 09:38:43', 38000, 9),
(636, 309, 3, '2019-10-22 09:39:27', '2019-10-22 09:39:27', 8000, 9),
(637, 328, 3, '2019-10-22 09:40:05', '2019-10-22 09:40:05', 125000, 9),
(638, 329, 3, '2019-10-22 09:40:26', '2019-10-22 09:40:26', 125000, 9),
(639, 330, 3, '2019-10-22 09:41:06', '2019-10-22 09:41:06', 125000, 9),
(640, 331, 3, '2019-10-22 09:41:49', '2019-10-22 09:41:49', 40000, 9),
(641, 332, 3, '2019-10-22 09:42:12', '2019-10-22 09:42:12', 60000, 9),
(642, 333, 3, '2019-10-22 09:42:55', '2019-10-22 09:42:55', 2500, 9),
(643, 334, 3, '2019-10-22 09:43:15', '2019-10-22 09:43:15', 1500, 9),
(644, 335, 3, '2019-10-22 09:43:42', '2019-10-22 09:43:42', 2500, 9),
(645, 336, 3, '2019-10-22 09:44:16', '2019-10-22 09:44:16', 45000, 9),
(646, 337, 3, '2019-10-22 09:44:49', '2019-10-22 09:44:49', 30000, 9),
(647, 338, 3, '2019-10-22 09:45:29', '2019-10-22 09:45:29', 25000, 9),
(648, 339, 3, '2019-10-22 09:45:56', '2019-10-22 09:45:56', 80000, 9),
(649, 340, 3, '2019-10-22 09:46:17', '2019-10-22 09:46:17', 80000, 9),
(650, 341, 3, '2019-10-22 09:46:39', '2019-10-22 09:46:39', 180000, 9),
(651, 310, 3, '2019-10-22 09:47:29', '2019-10-22 09:47:29', 15000, 9),
(652, 311, 3, '2019-10-22 09:47:47', '2019-10-22 09:47:47', 13000, 9),
(653, 312, 3, '2019-10-22 09:48:06', '2019-10-22 09:48:06', 16000, 9),
(654, 313, 3, '2019-10-22 09:48:30', '2019-10-22 09:48:30', 16000, 9),
(655, 314, 3, '2019-10-22 09:48:49', '2019-10-22 09:48:49', 68000, 9),
(656, 315, 3, '2019-10-22 09:49:30', '2019-10-22 09:49:30', 10000, 9),
(657, 316, 3, '2019-10-22 09:49:53', '2019-10-22 09:49:53', 7000, 9),
(658, 317, 3, '2019-10-22 09:50:12', '2019-10-22 09:50:12', 7000, 9),
(659, 318, 3, '2019-10-22 09:50:44', '2019-10-22 09:50:44', 9000, 9),
(660, 319, 3, '2019-10-22 09:51:09', '2019-10-22 09:51:09', 700, 9),
(661, 320, 3, '2019-10-22 09:51:31', '2019-10-22 09:51:31', 2500, 9),
(662, 321, 9, '2019-10-22 09:52:23', '2019-10-22 09:52:23', 15000, 9),
(663, 322, 9, '2019-10-22 09:52:44', '2019-10-22 09:52:44', 10000, 9),
(664, 323, 9, '2019-10-22 09:53:06', '2019-10-22 09:53:06', 12000, 9),
(665, 324, 9, '2019-10-22 09:53:37', '2019-10-22 09:53:37', 10600, 9),
(666, 325, 9, '2019-10-22 09:54:13', '2019-10-22 09:54:13', 40600, 9),
(667, 326, 9, '2019-10-22 09:54:44', '2019-10-22 09:54:44', 37000, 9),
(668, 327, 9, '2019-10-22 09:55:10', '2019-10-22 09:55:10', 40600, 9),
(669, 342, 9, '2019-10-22 09:55:42', '2019-10-22 09:55:42', 8000, 9),
(670, 343, 9, '2019-10-22 09:56:03', '2019-10-22 09:56:03', 12000, 9),
(671, 344, 9, '2019-10-22 09:56:22', '2019-10-22 09:56:22', 7000, 9),
(672, 345, 9, '2019-10-22 09:56:45', '2019-10-22 09:56:45', 7000, 9),
(673, 346, 9, '2019-10-22 09:57:04', '2019-10-22 09:57:04', 5000, 9),
(674, 347, 9, '2019-10-22 09:57:31', '2019-10-22 09:57:31', 170000, 9),
(675, 348, 9, '2019-10-22 09:57:49', '2019-10-22 09:57:49', 18000, 9),
(676, 349, 9, '2019-10-22 09:58:11', '2019-10-22 09:58:11', 55000, 9),
(677, 350, 9, '2019-10-22 09:58:30', '2019-10-22 09:58:30', 55500, 9),
(678, 351, 9, '2019-10-22 09:58:56', '2019-10-22 09:58:56', 0, 9),
(679, 352, 9, '2019-10-22 09:59:18', '2019-10-22 09:59:18', 54000, 9),
(680, 353, 9, '2019-10-22 09:59:42', '2019-10-22 09:59:42', 54000, 9),
(681, 354, 9, '2019-10-22 10:00:07', '2019-10-22 10:00:07', 32000, 9),
(682, 355, 9, '2019-10-22 10:00:26', '2019-10-22 10:00:26', 50000, 9),
(683, 356, 9, '2019-10-22 10:00:46', '2019-10-22 10:00:46', 77000, 9),
(684, 357, 9, '2019-10-22 10:01:09', '2019-10-22 10:01:09', 105000, 9),
(685, 358, 9, '2019-10-22 10:01:42', '2019-10-22 10:01:42', 60000, 9),
(686, 359, 9, '2019-10-22 10:02:04', '2019-10-22 10:02:04', 76000, 9),
(687, 360, 9, '2019-10-22 10:02:28', '2019-10-22 10:02:28', 26000, 9),
(688, 361, 9, '2019-10-22 10:02:49', '2019-10-22 10:02:49', 32000, 9),
(689, 362, 9, '2019-10-22 10:03:12', '2019-10-22 10:03:12', 45000, 9),
(690, 363, 9, '2019-10-22 10:03:35', '2019-10-22 10:03:35', 45000, 9),
(691, 380, 9, '2019-10-22 10:04:02', '2019-10-22 10:04:02', 2000000, 9),
(692, 381, 9, '2019-10-22 10:04:32', '2019-10-22 10:04:32', 5500000, 9),
(693, 382, 9, '2019-10-22 10:04:58', '2019-10-22 10:04:58', 2000000, 9),
(694, 383, 9, '2019-10-22 10:05:24', '2019-10-22 10:05:24', 3000000, 9),
(695, 384, 9, '2019-10-22 10:05:48', '2019-10-22 10:05:48', 45000, 9),
(696, 385, 9, '2019-10-22 10:06:08', '2019-10-22 10:06:08', 60000, 9),
(697, 386, 9, '2019-10-22 10:06:41', '2019-10-22 10:06:41', 45000, 9),
(699, 387, 9, '2019-10-22 10:08:19', '2019-10-22 10:08:19', 60000, 9),
(700, 388, 9, '2019-10-22 10:09:30', '2019-10-22 10:09:30', 680000, 9),
(701, 389, 9, '2019-10-22 10:09:49', '2019-10-22 10:09:49', 530000, 9),
(702, 390, 9, '2019-10-22 10:10:11', '2019-10-22 10:10:11', 300000, 9),
(703, 391, 9, '2019-10-22 10:10:28', '2019-10-22 10:10:28', 1500, 9),
(704, 392, 9, '2019-10-22 10:10:53', '2019-10-22 10:10:53', 2500, 9),
(706, 283, 3, '2019-10-23 15:16:29', '2019-10-23 15:16:29', 14000, 9),
(707, 284, 9, '2019-10-23 15:17:04', '2019-10-23 15:17:04', 25000, 9),
(708, 285, 9, '2019-10-23 15:17:32', '2019-10-23 15:17:32', 19000, 9),
(710, 287, 3, '2019-10-23 15:18:18', '2019-10-23 15:18:18', 13000, 9),
(711, 288, 3, '2019-10-23 15:18:53', '2019-10-23 15:18:53', 11000, 9),
(712, 289, 9, '2019-10-23 15:20:14', '2019-10-23 15:20:14', 13000, 9),
(713, 286, 3, '2019-10-23 15:20:46', '2019-10-23 15:20:46', 13000, 9),
(714, 290, 9, '2019-10-23 15:21:29', '2019-10-23 15:21:29', 13000, 9),
(715, 291, 3, '2019-10-23 15:21:50', '2019-10-23 15:21:50', 17000, 9),
(716, 285, 3, '2019-10-23 15:22:15', '2019-10-23 15:22:15', 15000, 9),
(718, 292, 3, '2019-10-23 15:22:41', '2019-10-23 15:22:41', 15000, 9),
(720, 293, 3, '2019-10-23 15:25:25', '2019-10-23 15:25:25', 40000, 9),
(721, 294, 3, '2019-10-23 15:25:48', '2019-10-23 15:25:48', 50000, 9),
(722, 295, 3, '2019-10-23 15:26:12', '2019-10-23 15:26:12', 30000, 9),
(723, 296, 3, '2019-10-23 15:26:39', '2019-10-23 15:26:39', 50000, 9),
(724, 297, 3, '2019-10-23 15:27:04', '2019-10-23 15:27:04', 25000, 9),
(725, 298, 3, '2019-10-23 15:27:30', '2019-10-23 15:27:30', 28000, 9),
(726, 299, 3, '2019-10-23 15:27:53', '2019-10-23 15:27:53', 22000, 9),
(727, 300, 3, '2019-10-23 15:28:14', '2019-10-23 15:28:14', 12000, 9),
(728, 301, 3, '2019-10-23 15:28:32', '2019-10-23 15:28:32', 28000, 9),
(729, 302, 3, '2019-10-23 15:28:53', '2019-10-23 15:28:53', 10000, 9),
(730, 303, 3, '2019-10-23 15:29:19', '2019-10-23 15:29:19', 16000, 9),
(731, 304, 3, '2019-10-23 15:29:42', '2019-10-23 15:29:42', 10000, 9),
(732, 305, 3, '2019-10-23 15:30:23', '2019-10-23 15:30:23', 16000, 9),
(733, 306, 3, '2019-10-23 15:30:48', '2019-10-23 15:30:48', 5000, 9),
(734, 307, 3, '2019-10-23 15:31:14', '2019-10-23 15:31:14', 100000, 9),
(735, 308, 3, '2019-10-23 15:31:35', '2019-10-23 15:31:35', 38000, 9),
(736, 309, 3, '2019-10-23 15:31:51', '2019-10-23 15:31:51', 8000, 9),
(737, 328, 3, '2019-10-23 15:32:16', '2019-10-23 15:32:16', 125000, 9),
(738, 329, 3, '2019-10-23 15:32:34', '2019-10-23 15:32:34', 125000, 9),
(739, 330, 3, '2019-10-23 15:32:53', '2019-10-23 15:32:53', 125000, 9),
(740, 331, 3, '2019-10-23 15:33:11', '2019-10-23 15:33:11', 40000, 9),
(741, 332, 3, '2019-10-23 15:33:30', '2019-10-23 15:33:30', 65000, 9),
(742, 333, 3, '2019-10-23 15:33:52', '2019-10-23 15:33:52', 2500, 9),
(743, 334, 3, '2019-10-23 15:34:12', '2019-10-23 15:34:12', 1500, 9),
(744, 335, 3, '2019-10-23 15:34:36', '2019-10-23 15:34:36', 2500, 9),
(745, 336, 3, '2019-10-23 15:35:08', '2019-10-23 15:35:08', 45000, 9),
(746, 337, 3, '2019-10-23 15:35:40', '2019-10-23 15:35:40', 30000, 9),
(747, 338, 3, '2019-10-23 15:36:06', '2019-10-23 15:36:06', 25000, 9),
(748, 339, 3, '2019-10-23 15:36:25', '2019-10-23 15:36:25', 80000, 9),
(749, 340, 3, '2019-10-23 15:36:44', '2019-10-23 15:36:44', 80000, 9),
(750, 341, 3, '2019-10-23 15:37:01', '2019-10-23 15:37:01', 180000, 9),
(751, 310, 3, '2019-10-23 15:37:39', '2019-10-23 15:37:39', 15000, 9),
(752, 311, 3, '2019-10-23 15:37:55', '2019-10-23 15:37:55', 13000, 9),
(753, 312, 3, '2019-10-23 15:38:19', '2019-10-23 15:38:19', 16000, 9),
(754, 313, 3, '2019-10-23 15:38:38', '2019-10-23 15:38:38', 16000, 9),
(755, 314, 3, '2019-10-23 15:38:55', '2019-10-23 15:38:55', 68000, 9),
(756, 315, 3, '2019-10-23 15:39:20', '2019-10-23 15:39:20', 10000, 9),
(757, 316, 3, '2019-10-23 15:39:38', '2019-10-23 15:39:38', 7000, 9),
(758, 317, 3, '2019-10-23 15:39:58', '2019-10-23 15:39:58', 7000, 9),
(759, 318, 3, '2019-10-23 15:40:20', '2019-10-23 15:40:20', 9000, 9),
(760, 319, 3, '2019-10-23 15:40:42', '2019-10-23 15:40:42', 700, 9),
(761, 320, 3, '2019-10-23 15:41:04', '2019-10-23 15:41:04', 2500, 9),
(762, 321, 9, '2019-10-23 15:41:43', '2019-10-23 15:41:43', 15000, 9),
(763, 323, 9, '2019-10-23 15:42:09', '2019-10-23 15:42:35', 12000, 9),
(764, 322, 9, '2019-10-23 15:43:25', '2019-10-23 15:43:25', 10000, 9),
(765, 324, 9, '2019-10-23 15:43:59', '2019-10-23 15:43:59', 10200, 9),
(766, 325, 9, '2019-10-23 15:44:31', '2019-10-23 15:44:31', 40500, 9),
(767, 326, 9, '2019-10-23 15:44:56', '2019-10-23 15:44:56', 37000, 9),
(768, 327, 9, '2019-10-23 15:45:27', '2019-10-23 15:45:27', 40600, 9),
(769, 342, 9, '2019-10-23 15:45:48', '2019-10-23 15:45:48', 8000, 9),
(770, 343, 9, '2019-10-23 15:46:09', '2019-10-23 15:46:09', 12000, 9),
(771, 344, 9, '2019-10-23 15:46:26', '2019-10-23 15:46:26', 7000, 9),
(772, 345, 9, '2019-10-23 15:46:44', '2019-10-23 15:46:44', 7000, 9),
(773, 346, 9, '2019-10-23 15:47:02', '2019-10-23 15:47:02', 5000, 9);
INSERT INTO `detailKomoditi` (`idDetailKomoditi`, `subDetailIdSubDetail`, `pasarIdPasar`, `tanggalInputData`, `tanggalHarga`, `harga`, `memberIdMember`) VALUES
(774, 347, 9, '2019-10-23 15:47:23', '2019-10-23 15:47:23', 170000, 9),
(775, 348, 9, '2019-10-23 15:47:40', '2019-10-23 15:47:40', 18000, 9),
(776, 349, 9, '2019-10-23 15:48:00', '2019-10-23 15:48:00', 55000, 9),
(777, 350, 9, '2019-10-23 15:48:20', '2019-10-23 15:48:20', 55500, 9),
(778, 351, 9, '2019-10-23 15:48:44', '2019-10-23 15:48:44', 0, 9),
(779, 352, 9, '2019-10-23 15:49:05', '2019-10-23 15:49:05', 54000, 9),
(780, 353, 9, '2019-10-23 15:49:23', '2019-10-23 15:49:23', 54000, 9),
(781, 354, 9, '2019-10-23 15:49:53', '2019-10-23 15:49:53', 32000, 9),
(782, 355, 9, '2019-10-23 15:51:21', '2019-10-23 15:51:21', 50000, 9),
(783, 356, 9, '2019-10-23 15:51:44', '2019-10-23 15:51:44', 77000, 9),
(784, 357, 9, '2019-10-23 15:52:13', '2019-10-23 15:52:13', 105000, 9),
(785, 358, 9, '2019-10-23 15:52:39', '2019-10-23 15:52:39', 60000, 9),
(786, 359, 9, '2019-10-23 15:52:56', '2019-10-23 15:52:56', 76000, 9),
(787, 360, 9, '2019-10-23 15:53:39', '2019-10-23 15:53:39', 26000, 9),
(788, 361, 9, '2019-10-23 15:54:03', '2019-10-23 15:54:03', 32000, 9),
(789, 362, 9, '2019-10-23 15:54:32', '2019-10-23 15:54:32', 45000, 9),
(790, 363, 9, '2019-10-23 15:54:50', '2019-10-23 15:54:50', 45000, 9),
(791, 380, 9, '2019-10-23 15:55:10', '2019-10-23 15:55:10', 2000000, 9),
(792, 381, 9, '2019-10-23 15:55:38', '2019-10-23 15:55:38', 5500000, 9),
(793, 382, 9, '2019-10-23 15:56:10', '2019-10-23 15:56:10', 2000000, 9),
(794, 383, 9, '2019-10-23 15:56:37', '2019-10-23 15:56:37', 3000000, 9),
(795, 384, 9, '2019-10-23 15:58:34', '2019-10-23 15:58:34', 45000, 9),
(796, 385, 9, '2019-10-23 15:59:07', '2019-10-23 15:59:07', 60000, 9),
(797, 386, 9, '2019-10-23 15:59:46', '2019-10-23 15:59:46', 45000, 9),
(798, 387, 9, '2019-10-23 16:01:08', '2019-10-23 16:01:08', 60000, 9),
(799, 388, 9, '2019-10-23 16:01:52', '2019-10-23 16:01:52', 680000, 9),
(800, 389, 9, '2019-10-23 16:02:20', '2019-10-23 16:02:20', 530000, 9),
(801, 390, 9, '2019-10-23 16:02:50', '2019-10-23 16:02:50', 300000, 9),
(802, 391, 9, '2019-10-23 16:03:26', '2019-10-23 16:03:26', 1500, 9),
(803, 392, 9, '2019-10-23 16:03:45', '2019-10-23 16:03:45', 2500, 9);

-- --------------------------------------------------------

--
-- Table structure for table `hakAkses`
--

CREATE TABLE `hakAkses` (
  `idHakAkses` int(11) UNSIGNED NOT NULL,
  `namaHakAkses` varchar(100) DEFAULT NULL
) ENGINE=InnoDB DEFAULT CHARSET=utf8;

--
-- Dumping data for table `hakAkses`
--

INSERT INTO `hakAkses` (`idHakAkses`, `namaHakAkses`) VALUES
(1, 'superadmin'),
(2, 'admin'),
(3, 'member');

-- --------------------------------------------------------

--
-- Table structure for table `kategoriKomoditi`
--

CREATE TABLE `kategoriKomoditi` (
  `idKategoriKomoditi` int(11) UNSIGNED NOT NULL,
  `namaKategoriKomoditi` varchar(100) DEFAULT NULL,
  `orderByKategoriKomoditi` int(11) NOT NULL
) ENGINE=InnoDB DEFAULT CHARSET=utf8;

--
-- Dumping data for table `kategoriKomoditi`
--

INSERT INTO `kategoriKomoditi` (`idKategoriKomoditi`, `namaKategoriKomoditi`, `orderByKategoriKomoditi`) VALUES
(2, 'Barang Pokok Hasil Pertanian', 1),
(3, 'Barang Pokok Hasil Industri', 2),
(9, 'Barang Pokok Hasil Peternakan dan Perikanan', 3),
(10, 'Barang Penting', 4);

-- --------------------------------------------------------

--
-- Table structure for table `kecamatan`
--

CREATE TABLE `kecamatan` (
  `idKecamatan` int(11) UNSIGNED NOT NULL,
  `namaKecamatan` varchar(100) DEFAULT NULL
) ENGINE=InnoDB DEFAULT CHARSET=utf8;

--
-- Dumping data for table `kecamatan`
--

INSERT INTO `kecamatan` (`idKecamatan`, `namaKecamatan`) VALUES
(1, 'Kecamatan Arut Selatan'),
(10, 'Kecamatan Kumai'),
(11, 'Kecamatan Kotawaringin Lama'),
(12, 'Kecamatan Pangkalan Lada'),
(13, 'Kecamatan Pangkalan Banteng'),
(14, 'Kecamatan Arut Utara');

-- --------------------------------------------------------

--
-- Table structure for table `komoditi`
--

CREATE TABLE `komoditi` (
  `idKomoditi` int(11) UNSIGNED NOT NULL,
  `kategoriIdKategoriKomoditi` int(11) UNSIGNED NOT NULL,
  `namaKomoditi` text
) ENGINE=InnoDB DEFAULT CHARSET=utf8;

--
-- Dumping data for table `komoditi`
--

INSERT INTO `komoditi` (`idKomoditi`, `kategoriIdKategoriKomoditi`, `namaKomoditi`) VALUES
(110, 2, 'Beras'),
(111, 2, 'Cabai'),
(112, 2, 'Bawang'),
(113, 2, 'Kacang'),
(115, 2, 'Tomat'),
(116, 2, 'Kentang'),
(117, 2, 'Kol'),
(118, 2, 'Wortel'),
(119, 2, 'Ketela'),
(120, 2, 'Lada'),
(121, 2, 'Kopi'),
(122, 2, 'Kelapa'),
(123, 3, 'Gula'),
(124, 3, 'Minyak Goreng'),
(125, 3, 'Tepung Terigu'),
(126, 3, 'Garam Beryodium'),
(127, 3, 'Susu'),
(128, 9, 'Daging Sapi'),
(129, 9, 'Daging Ayam'),
(130, 9, 'Telur'),
(131, 9, 'Ikan Segar'),
(132, 9, 'Ikan Kering'),
(133, 9, 'Udang'),
(134, 10, 'Pupuk'),
(135, 10, 'Gas Elpiji'),
(136, 10, 'Triplek'),
(137, 10, 'Semen'),
(138, 10, 'Besi'),
(139, 10, 'Baja Ringan'),
(140, 10, 'Multiroof'),
(141, 10, 'Seng'),
(142, 10, 'Balok Kayu'),
(143, 10, 'Papan Kayu'),
(144, 10, 'Emas'),
(145, 10, 'Batu Bata');

-- --------------------------------------------------------

--
-- Table structure for table `member`
--

CREATE TABLE `member` (
  `idMember` int(11) UNSIGNED NOT NULL,
  `hakAksesIdHakAkses` int(11) UNSIGNED NOT NULL,
  `namaMember` text,
  `username` varchar(100) DEFAULT NULL,
  `password` varchar(100) DEFAULT NULL,
  `filename` text NOT NULL
) ENGINE=InnoDB DEFAULT CHARSET=utf8;

--
-- Dumping data for table `member`
--

INSERT INTO `member` (`idMember`, `hakAksesIdHakAkses`, `namaMember`, `username`, `password`, `filename`) VALUES
(4, 1, 'handri darmawan', 'handri', '$2y$12$qm5RJQJLrkFzeIClHHuvS.Zz5pVToB/eMwovTB8GpPCZDCijN/VAq', 'c23c3f096697e0a0da4944b05d4f1d62.png'),
(6, 2, 'Andi Wijaya', 'andi', '$2y$12$.Mh1kpktovrz0RK4A/o2a.yK8./FKMoTOY/iLjY0yKyzE8YKI4MnS', 'a0cad2f3a923fab3cbc78eafba5a2e9a.jpg'),
(7, 3, 'Frenty Estu Ningroom', 'frenty', '$2y$12$FTx5OfjueugtxNTdjsJmveOSMMTZKgxmvqYEY7.CUdF3nOLMcWHPO', 'd0f0077ed31b01de3739bed75b85d98b.jpg'),
(8, 3, 'Darmadi', 'darmadi', '$2y$12$f/zZDA2vxsrhgiDL4/1ZteodzBy1z7h8cWwK2YVopPBQFNwQC8F1K', 'eb82be68c7882ebb70c784d8ef939d7d.jpg'),
(9, 3, 'Said Mahmud', 'said', '$2y$12$XNnstNEW2ii8hYKjVilSoux11Mnsa8f5ahuLZqj/mJBIhCdRg81PC', 'c723f9dcc9888fe51fe20996f07c4bc2.jpg'),
(10, 3, 'Tuty Alawiyah', 'tuty', '$2y$12$lRUnLl11ji46fjX1JH3paO0t7868kfae3IOStq1R7AnKeu3lp8jC2', '12ca2ac70bd5786e2f9166b13e8e6fdf.jpg'),
(11, 3, 'Hendro Purnomo', 'hendro', '$2y$12$EJh9ftDt1hv7uaoHGwh8R.k7tVYFKNMt7vAiOnIcWIUJVf5JbYfDq', 'fbb6274be25f838f51d8a599a0328809.jpg');

-- --------------------------------------------------------

--
-- Table structure for table `pasar`
--

CREATE TABLE `pasar` (
  `idPasar` int(11) UNSIGNED NOT NULL,
  `kecamatanIdKecamatan` int(11) UNSIGNED NOT NULL,
  `namaPasar` varchar(100) DEFAULT NULL
) ENGINE=InnoDB DEFAULT CHARSET=utf8;

--
-- Dumping data for table `pasar`
--

INSERT INTO `pasar` (`idPasar`, `kecamatanIdKecamatan`, `namaPasar`) VALUES
(1, 1, 'Pasar Cempaka Planggan Sari'),
(2, 1, 'Pasar Tembaga Indah'),
(3, 1, 'Pasar Indra Sari'),
(9, 1, 'Pertokoan');

-- --------------------------------------------------------

--
-- Table structure for table `satuan`
--

CREATE TABLE `satuan` (
  `idSatuan` int(11) UNSIGNED NOT NULL,
  `namaSatuan` varchar(100) DEFAULT NULL
) ENGINE=InnoDB DEFAULT CHARSET=utf8;

--
-- Dumping data for table `satuan`
--

INSERT INTO `satuan` (`idSatuan`, `namaSatuan`) VALUES
(1, 'kg'),
(2, 'bungkus'),
(3, 'ml'),
(4, 'liter'),
(5, 'butir'),
(6, 'zak'),
(7, 'lembar'),
(8, 'gr'),
(9, 'tabung'),
(10, 'batang'),
(11, 'ikat '),
(12, 'm3'),
(13, 'biji'),
(14, 'kotak'),
(15, 'kaleng'),
(16, 'buah'),
(17, 'jerigen'),
(18, 'kemasan'),
(19, 'pounch'),
(20, 'botol');

-- --------------------------------------------------------

--
-- Table structure for table `subDetailKomoditi`
--

CREATE TABLE `subDetailKomoditi` (
  `idSubDetailKomoditi` int(11) UNSIGNED NOT NULL,
  `komoditiIdKomoditi` int(11) UNSIGNED NOT NULL,
  `namaSubDetailKomoditi` varchar(100) DEFAULT NULL,
  `satuanIdSatuan` int(11) UNSIGNED NOT NULL
) ENGINE=InnoDB DEFAULT CHARSET=utf8;

--
-- Dumping data for table `subDetailKomoditi`
--

INSERT INTO `subDetailKomoditi` (`idSubDetailKomoditi`, `komoditiIdKomoditi`, `namaSubDetailKomoditi`, `satuanIdSatuan`) VALUES
(283, 110, 'Dua Baung', 1),
(284, 110, 'JDR Premium', 1),
(285, 110, 'JDR Rojo Lele', 1),
(286, 110, 'Lahab', 1),
(287, 110, 'Lembu', 1),
(288, 110, 'Medium', 1),
(289, 110, 'Pondok Petani', 1),
(290, 110, 'Rojo Lele Zak Merah', 1),
(291, 110, 'Siam Unus', 1),
(292, 110, 'Siam Lantik', 1),
(293, 111, 'Merah Besar', 1),
(294, 111, 'Merah Keriting', 1),
(295, 111, 'Rawit Hijau', 1),
(296, 111, 'Rawit Merah', 1),
(297, 112, 'Merah', 1),
(298, 112, 'Putih', 1),
(299, 113, 'Hijau', 1),
(300, 113, 'Kedelai', 1),
(301, 113, 'Tanah', 1),
(302, 115, 'Buah', 1),
(303, 116, 'Bulat', 1),
(304, 117, 'Sayur', 1),
(305, 118, 'Sayur', 1),
(306, 119, 'Kayu', 1),
(307, 120, 'Biji', 1),
(308, 121, 'Biji', 1),
(309, 122, 'Biji', 1),
(310, 123, 'Pasir Putih', 1),
(311, 123, 'Pasir Lokal', 1),
(312, 124, 'Curah (1,5 liter)', 20),
(313, 124, 'Bimoli (1 liter)', 20),
(314, 124, 'Bimoli (5 liter)', 17),
(315, 125, 'Segitiga Biru', 1),
(316, 125, 'Lencana Merah', 1),
(317, 125, 'Cap Semar', 1),
(318, 125, 'Cakra Kembar', 1),
(319, 126, 'Bata', 16),
(320, 126, 'Halus', 2),
(321, 127, 'SKM Bendera Putih Gold (398 gr)', 15),
(322, 127, 'SKM Indomilk Putih (390 gr)', 15),
(323, 127, 'SKM Cap Nona', 15),
(324, 127, 'SKM Bendera Coklat', 15),
(325, 127, 'Bubuk Bendera Full Cream (400 gr)', 14),
(326, 127, 'Bubuk Indomilk Full Cream (400 gr)', 14),
(327, 127, 'Bubuk Dancow Full Cream (400 gr)', 14),
(328, 128, '(Has)', 1),
(329, 128, '(Rendang)', 1),
(330, 128, '(Semur)', 1),
(331, 129, 'Ras (Boiler)', 1),
(332, 129, 'Kampung', 1),
(333, 130, 'Ayam Kampung', 5),
(334, 130, 'Ras (Boiler)', 5),
(335, 130, 'Itik', 5),
(336, 131, 'Nila', 1),
(337, 131, 'Kembung', 1),
(338, 131, 'Tongkol', 1),
(339, 132, 'Telang', 1),
(340, 132, 'Teri', 1),
(341, 133, 'Galah', 1),
(342, 134, 'KCL (50 kg)', 1),
(343, 134, 'NPK (50 kg)', 1),
(344, 134, 'Urea (50 kg)', 1),
(345, 134, 'SP 36 (50 kg)', 1),
(346, 134, 'ZA (50 kg)', 1),
(347, 135, '12 kg', 9),
(348, 135, '3 kg', 9),
(349, 136, 'Plywood 3 mm', 7),
(350, 137, 'Gresik (50 Kg)', 6),
(351, 137, 'Tiga Roda (50 Kg)', 6),
(352, 137, 'Holcim (50 kg)', 6),
(353, 137, 'Conch (50 kg)', 6),
(354, 138, '6 mm', 10),
(355, 138, '8 mm', 10),
(356, 138, '10 mm', 10),
(357, 138, '12 mm', 10),
(358, 139, '0,65 mm', 10),
(359, 139, '0,75 mm', 10),
(360, 140, '1 mx x 7m', 7),
(361, 140, '2 mx x 4m', 7),
(362, 141, 'Gelombang Besar', 7),
(363, 141, 'Gelombang Kecil', 7),
(380, 142, 'Lokal', 12),
(381, 142, 'Ulin 10 x 10', 12),
(382, 143, 'Lokal', 12),
(383, 143, 'Lanan', 12),
(384, 143, 'Meranti Kaso 5 x 7', 10),
(385, 143, 'Meranti Kaso 5 x 10', 10),
(386, 143, 'Lanan Kaso 5 x 7', 10),
(387, 143, 'Lanan Kaso 5 x 10', 10),
(388, 144, ' 24 Karat', 8),
(389, 144, '17 Karat', 8),
(390, 144, '9 Karat', 8),
(391, 145, 'Merah', 16),
(392, 145, 'Batako', 16);

--
-- Indexes for dumped tables
--

--
-- Indexes for table `detailKomoditi`
--
ALTER TABLE `detailKomoditi`
  ADD PRIMARY KEY (`idDetailKomoditi`),
  ADD KEY `memberIdMember` (`memberIdMember`),
  ADD KEY `subDetailIdSubDetail` (`subDetailIdSubDetail`),
  ADD KEY `pasarIdPasar` (`pasarIdPasar`);

--
-- Indexes for table `hakAkses`
--
ALTER TABLE `hakAkses`
  ADD PRIMARY KEY (`idHakAkses`);

--
-- Indexes for table `kategoriKomoditi`
--
ALTER TABLE `kategoriKomoditi`
  ADD PRIMARY KEY (`idKategoriKomoditi`);

--
-- Indexes for table `kecamatan`
--
ALTER TABLE `kecamatan`
  ADD PRIMARY KEY (`idKecamatan`);

--
-- Indexes for table `komoditi`
--
ALTER TABLE `komoditi`
  ADD PRIMARY KEY (`idKomoditi`),
  ADD KEY `kategoriIdKategoriKomoditi` (`kategoriIdKategoriKomoditi`);

--
-- Indexes for table `member`
--
ALTER TABLE `member`
  ADD PRIMARY KEY (`idMember`),
  ADD KEY `hakAksesIdHakAkses` (`hakAksesIdHakAkses`);

--
-- Indexes for table `pasar`
--
ALTER TABLE `pasar`
  ADD PRIMARY KEY (`idPasar`),
  ADD KEY `kecamatanIdKecamatan` (`kecamatanIdKecamatan`);

--
-- Indexes for table `satuan`
--
ALTER TABLE `satuan`
  ADD PRIMARY KEY (`idSatuan`);

--
-- Indexes for table `subDetailKomoditi`
--
ALTER TABLE `subDetailKomoditi`
  ADD PRIMARY KEY (`idSubDetailKomoditi`),
  ADD KEY `komoditiIdKomoditi` (`komoditiIdKomoditi`),
  ADD KEY `satuanIdSatuan` (`satuanIdSatuan`);

--
-- AUTO_INCREMENT for dumped tables
--

--
-- AUTO_INCREMENT for table `detailKomoditi`
--
ALTER TABLE `detailKomoditi`
  MODIFY `idDetailKomoditi` int(11) UNSIGNED NOT NULL AUTO_INCREMENT, AUTO_INCREMENT=804;

--
-- AUTO_INCREMENT for table `hakAkses`
--
ALTER TABLE `hakAkses`
  MODIFY `idHakAkses` int(11) UNSIGNED NOT NULL AUTO_INCREMENT, AUTO_INCREMENT=4;

--
-- AUTO_INCREMENT for table `kategoriKomoditi`
--
ALTER TABLE `kategoriKomoditi`
  MODIFY `idKategoriKomoditi` int(11) UNSIGNED NOT NULL AUTO_INCREMENT, AUTO_INCREMENT=11;

--
-- AUTO_INCREMENT for table `kecamatan`
--
ALTER TABLE `kecamatan`
  MODIFY `idKecamatan` int(11) UNSIGNED NOT NULL AUTO_INCREMENT, AUTO_INCREMENT=15;

--
-- AUTO_INCREMENT for table `komoditi`
--
ALTER TABLE `komoditi`
  MODIFY `idKomoditi` int(11) UNSIGNED NOT NULL AUTO_INCREMENT, AUTO_INCREMENT=146;

--
-- AUTO_INCREMENT for table `member`
--
ALTER TABLE `member`
  MODIFY `idMember` int(11) UNSIGNED NOT NULL AUTO_INCREMENT, AUTO_INCREMENT=12;

--
-- AUTO_INCREMENT for table `pasar`
--
ALTER TABLE `pasar`
  MODIFY `idPasar` int(11) UNSIGNED NOT NULL AUTO_INCREMENT, AUTO_INCREMENT=10;

--
-- AUTO_INCREMENT for table `satuan`
--
ALTER TABLE `satuan`
  MODIFY `idSatuan` int(11) UNSIGNED NOT NULL AUTO_INCREMENT, AUTO_INCREMENT=21;

--
-- AUTO_INCREMENT for table `subDetailKomoditi`
--
ALTER TABLE `subDetailKomoditi`
  MODIFY `idSubDetailKomoditi` int(11) UNSIGNED NOT NULL AUTO_INCREMENT, AUTO_INCREMENT=393;

--
-- Constraints for dumped tables
--

--
-- Constraints for table `detailKomoditi`
--
ALTER TABLE `detailKomoditi`
  ADD CONSTRAINT `detailkomoditi_ibfk_6` FOREIGN KEY (`memberIdMember`) REFERENCES `member` (`idMember`) ON DELETE CASCADE ON UPDATE CASCADE,
  ADD CONSTRAINT `detailkomoditi_ibfk_7` FOREIGN KEY (`subDetailIdSubDetail`) REFERENCES `subDetailKomoditi` (`idSubDetailKomoditi`) ON DELETE CASCADE ON UPDATE CASCADE,
  ADD CONSTRAINT `detailkomoditi_ibfk_8` FOREIGN KEY (`pasarIdPasar`) REFERENCES `pasar` (`idPasar`) ON DELETE CASCADE ON UPDATE CASCADE;

--
-- Constraints for table `komoditi`
--
ALTER TABLE `komoditi`
  ADD CONSTRAINT `komoditi_ibfk_2` FOREIGN KEY (`kategoriIdKategoriKomoditi`) REFERENCES `kategoriKomoditi` (`idKategoriKomoditi`) ON DELETE CASCADE ON UPDATE CASCADE;

--
-- Constraints for table `member`
--
ALTER TABLE `member`
  ADD CONSTRAINT `member_ibfk_2` FOREIGN KEY (`hakAksesIdHakAkses`) REFERENCES `hakAkses` (`idHakAkses`) ON DELETE CASCADE ON UPDATE CASCADE;

--
-- Constraints for table `pasar`
--
ALTER TABLE `pasar`
  ADD CONSTRAINT `pasar_ibfk_2` FOREIGN KEY (`kecamatanIdKecamatan`) REFERENCES `kecamatan` (`idKecamatan`) ON DELETE CASCADE ON UPDATE CASCADE;

--
-- Constraints for table `subDetailKomoditi`
--
ALTER TABLE `subDetailKomoditi`
  ADD CONSTRAINT `subdetailkomoditi_ibfk_3` FOREIGN KEY (`komoditiIdKomoditi`) REFERENCES `komoditi` (`idKomoditi`) ON DELETE CASCADE ON UPDATE CASCADE,
  ADD CONSTRAINT `subdetailkomoditi_ibfk_5` FOREIGN KEY (`satuanIdSatuan`) REFERENCES `satuan` (`idSatuan`) ON UPDATE CASCADE;
COMMIT;

/*!40101 SET CHARACTER_SET_CLIENT=@OLD_CHARACTER_SET_CLIENT */;
/*!40101 SET CHARACTER_SET_RESULTS=@OLD_CHARACTER_SET_RESULTS */;
/*!40101 SET COLLATION_CONNECTION=@OLD_COLLATION_CONNECTION */;
